subno,helpful,reliant,defbel,yielding,cheerful,indpt,athlet,shy,assert,strpers,forceful,affect,flatter,loyal,analyt,feminine,sympathy,moody,sensitiv,undstand,compass,leaderab,soothe,risk,decide,selfsuff,conscien,dominant,masculin,stand,happy,softspok,warm,truthful,tender,gullible,leadact,childlik,individ,foullang,lovchil,compete,ambitiou,gentle,semestertime
1,7,7,5,5,7,7,7,1,7,7,2,7,4,7,1,2,6,3,7,7,7,6,7,2,7,7,7,1,1,7,7,7,7,7,7,2,2,1,7,3,7,7,7,7,1
2,5,6,6,6,2,3,3,3,4,1,3,5,4,5,6,5,5,4,5,5,4,4,4,3,3,5,5,4,1,4,4,6,5,6,5,6,4,3,4,7,7,4,4,4,1
3,7,6,4,4,5,5,2,3,4,4,3,5,2,7,5,6,5,2,4,6,6,4,7,3,5,6,6,2,1,4,6,4,5,7,6,3,3,1,6,2,5,2,4,5,1
4,6,6,7,4,6,6,3,4,4,3,3,5,3,7,6,6,5,2,6,6,6,2,6,5,5,6,6,4,2,6,6,5,6,6,5,4,3,2,5,6,6,4,6,5,1
5,6,6,7,4,7,7,7,2,7,7,5,7,4,7,7,4,7,3,7,6,7,7,7,7,7,5,7,6,4,7,6,4,7,7,7,5,6,2,6,5,7,7,7,7,1
7,5,6,7,4,6,6,2,4,4,2,2,5,3,7,7,7,6,4,5,5,5,3,5,1,3,7,7,2,1,7,6,6,6,7,4,1,3,1,7,4,7,1,5,6,1
8,6,4,6,6,6,3,1,3,3,4,1,7,7,6,4,4,7,3,6,6,6,1,6,1,4,4,4,1,1,5,5,1,5,5,5,5,1,2,5,1,7,1,1,5,1
9,7,6,7,5,6,7,5,2,5,6,6,7,3,7,7,6,6,4,6,6,6,6,5,4,4,6,7,4,1,7,6,6,6,7,6,1,5,2,7,2,6,4,4,6,1
10,7,6,6,4,4,5,2,2,5,7,6,6,6,6,7,6,4,4,6,6,5,5,5,4,4,6,5,5,9,7,3,4,5,6,5,2,6,3,6,6,5,3,5,5,1
11,7,4,7,4,7,5,2,1,5,6,4,7,7,7,7,5,5,1,5,6,6,4,6,2,1,5,5,4,2,6,7,6,7,7,6,7,5,5,6,1,7,4,4,7,1
13,7,7,7,4,6,7,1,3,6,6,4,6,5,7,7,5,7,6,6,7,7,5,6,5,4,4,6,3,2,6,7,5,6,7,5,3,2,3,4,3,7,1,1,7,1
14,7,7,5,5,7,1,3,5,6,7,1,7,7,7,3,5,7,5,7,7,7,2,7,3,1,1,5,2,1,4,4,3,7,7,7,6,1,5,3,3,7,4,2,7,1
15,7,7,7,7,7,7,7,1,7,7,7,7,5,7,7,7,7,1,7,7,7,7,7,7,7,7,7,7,1,7,7,7,7,7,7,1,7,1,7,7,7,7,7,7,1
23,5,6,7,5,6,6,1,1,6,6,7,7,7,7,7,6,6,4,6,6,5,4,4,2,4,4,5,7,1,4,6,2,5,7,6,1,4,4,4,1,7,2,4,5,1
25,6,6,7,4,4,7,7,1,5,5,7,6,1,7,4,4,7,5,4,7,5,4,5,7,6,7,7,5,1,7,5,3,6,4,6,1,7,4,5,1,7,5,6,4,1
26,6,6,5,5,7,6,2,2,5,5,4,4,5,7,7,4,6,2,6,6,5,6,6,3,3,6,6,4,1,4,6,5,6,6,5,2,6,2,4,6,7,2,4,6,1
27,7,7,7,6,6,7,1,3,5,6,6,6,4,7,7,6,6,1,6,6,6,6,7,5,6,7,7,7,1,6,6,7,6,7,6,1,6,1,7,6,7,7,7,6,1
28,7,6,7,7,6,5,4,3,3,4,3,4,4,7,4,5,6,3,3,4,4,2,4,3,3,6,7,4,1,3,6,3,5,6,4,3,2,3,3,4,7,4,7,4,1
29,7,5,7,3,4,5,4,4,4,5,5,7,4,7,5,6,4,5,4,4,6,3,4,3,4,5,5,6,1,5,5,4,4,7,5,1,3,4,5,6,7,5,5,6,1
30,6,6,7,4,5,6,4,3,5,6,6,5,4,7,6,9,7,6,6,5,6,6,6,6,7,6,7,6,9,6,5,5,5,7,5,2,6,2,6,1,2,4,4,5,1
31,6,6,4,4,4,4,6,4,4,4,4,4,4,6,7,7,7,4,6,6,6,3,7,5,4,7,6,3,1,6,6,5,5,6,3,1,3,3,6,7,6,2,2,4,1
32,5,6,6,3,5,7,5,4,5,5,4,3,2,6,7,5,7,4,6,6,6,3,6,4,7,6,4,3,1,4,4,3,3,7,3,2,2,1,5,6,7,1,5,7,1
33,6,6,6,4,6,5,4,2,4,4,4,6,4,6,5,6,6,4,6,5,4,3,4,1,4,6,7,4,1,5,5,6,4,7,4,2,4,2,4,1,6,3,2,5,1
34,6,7,7,4,5,6,4,1,5,6,6,6,4,7,6,6,6,4,7,5,6,7,6,6,7,7,7,7,3,7,5,5,6,6,6,7,6,4,6,4,7,7,6,7,1
35,7,7,7,5,7,7,3,2,6,7,3,7,2,7,7,2,5,1,5,7,5,7,7,4,4,7,7,4,5,7,5,5,5,7,7,4,7,1,7,7,6,7,7,7,1
37,7,5,7,3,7,6,1,6,4,3,3,3,3,6,6,3,3,3,6,6,6,3,7,4,2,6,6,2,1,6,6,6,6,7,7,2,2,2,6,6,6,2,7,6,1
38,6,5,6,4,6,5,4,4,4,5,4,6,5,6,6,5,5,5,5,5,5,6,6,4,4,5,6,4,1,6,6,5,6,6,5,4,5,2,4,6,7,6,5,6,1
40,5,5,4,5,5,6,1,3,4,4,2,7,4,7,4,6,7,4,7,7,6,5,7,4,6,7,6,2,1,4,6,5,6,6,6,7,2,1,6,7,7,5,7,6,1
48,6,6,5,5,6,6,7,2,6,6,5,5,4,6,7,7,7,4,7,7,6,5,5,4,4,6,7,4,1,6,5,4,6,7,4,6,4,2,5,1,4,7,7,4,1
49,7,7,5,5,6,6,4,3,4,5,4,6,5,7,6,6,6,1,5,5,6,6,6,5,6,6,6,4,3,5,6,5,6,6,5,4,5,2,4,2,7,5,5,5,1
52,5,5,4,5,4,5,3,4,3,5,3,3,3,6,5,5,4,4,5,4,4,5,5,3,3,4,7,5,1,3,4,5,4,7,4,2,3,2,4,2,5,4,5,4,1
53,7,7,6,4,7,7,3,1,6,6,4,5,3,7,7,7,7,1,7,7,6,7,5,7,7,7,6,5,4,6,6,2,6,7,5,1,7,2,6,1,4,5,6,5,1
54,6,7,7,4,5,7,3,1,7,7,6,7,3,7,6,5,6,3,5,6,6,7,4,4,7,7,6,6,5,7,4,1,6,7,7,3,7,3,6,3,7,6,6,7,1
55,7,4,7,6,6,4,1,4,4,5,1,6,5,7,5,7,4,1,3,7,6,3,6,4,4,4,7,3,1,4,6,3,6,7,4,1,3,1,2,4,7,2,5,5,1
56,6,6,7,5,5,5,1,1,5,5,3,7,4,6,6,7,7,4,7,7,7,6,4,4,4,6,7,6,3,5,6,6,7,6,6,6,4,2,6,3,7,6,5,7,1
57,7,6,3,5,5,6,4,5,6,7,3,7,4,6,6,6,7,2,7,7,6,5,6,3,4,6,7,4,1,4,7,5,6,7,5,0,3,3,7,6,7,5,6,6,1
66,7,7,6,3,6,7,5,3,6,5,3,6,5,7,5,6,5,3,3,5,4,5,6,3,5,6,7,5,1,6,4,5,5,7,4,1,5,2,6,4,7,6,6,5,1
68,7,6,5,2,2,7,4,4,4,4,4,6,6,7,4,7,7,4,5,6,6,5,5,4,5,7,7,5,1,4,6,6,5,7,6,2,4,1,5,6,5,4,6,6,1
69,3,4,5,6,7,5,1,6,3,4,3,7,6,7,3,7,3,5,6,5,4,2,3,3,3,4,4,2,2,3,3,3,4,3,3,4,4,4,4,1,7,4,4,4,1
70,7,6,4,6,7,5,1,3,5,5,5,7,7,7,5,6,6,6,7,7,7,3,5,6,4,6,6,3,1,6,7,6,7,7,6,4,3,1,7,4,7,2,2,7,1
71,3,3,7,7,7,6,1,1,5,7,7,6,5,7,4,5,7,1,7,7,7,5,6,2,4,6,7,2,1,6,5,6,6,6,6,6,3,3,5,3,6,1,4,7,1
72,5,7,5,3,7,7,7,2,2,7,6,4,3,3,6,7,6,4,6,6,5,5,7,2,3,7,6,6,1,4,5,4,7,6,4,6,5,3,5,1,7,7,6,4,1
74,5,5,6,5,7,6,7,4,6,6,4,6,6,6,6,6,6,2,7,6,7,2,7,3,5,6,6,2,1,6,7,6,6,6,6,2,2,2,5,6,7,2,2,6,1
77,6,6,7,3,7,7,7,1,6,7,6,7,5,7,7,5,5,3,3,4,5,5,5,7,5,6,6,7,4,6,7,4,6,6,5,3,5,5,5,3,7,7,6,6,1
78,6,7,7,6,7,7,4,5,6,6,3,6,5,7,6,5,6,2,5,6,5,3,5,1,4,7,6,3,1,7,7,3,6,7,5,2,3,1,7,2,6,5,6,5,1
80,7,7,7,6,7,7,5,1,7,7,7,7,7,7,7,7,7,1,7,7,7,7,7,7,7,7,7,7,1,7,7,1,5,7,2,7,7,1,7,5,7,7,7,4,1
81,6,6,6,3,7,6,5,1,3,5,3,6,3,6,3,5,5,2,6,5,5,6,6,2,5,6,6,4,1,5,6,3,5,6,5,3,6,1,5,7,6,6,6,5,1
82,7,7,7,6,7,7,3,5,6,7,6,6,4,7,7,4,7,3,7,7,7,6,6,6,5,6,7,4,1,7,7,6,7,7,5,2,6,1,6,7,6,5,7,7,1
83,7,7,7,6,6,6,6,3,4,3,3,7,6,7,6,7,7,1,6,6,6,5,6,3,7,7,7,3,1,5,7,7,7,7,7,4,4,1,5,7,7,3,4,7,1
84,7,5,7,5,6,4,7,3,3,7,3,6,7,6,2,1,6,4,7,7,7,6,7,4,2,2,5,3,2,2,7,1,6,5,6,7,6,5,5,7,7,7,7,6,1
85,7,6,7,5,6,6,3,2,6,5,5,7,6,7,7,6,6,4,6,7,7,7,7,4,5,6,7,4,1,5,5,5,7,7,7,7,6,4,5,6,6,6,7,6,1
86,5,5,7,3,4,4,2,1,3,5,5,6,6,6,5,5,4,6,5,4,4,3,6,2,2,4,5,5,2,4,4,3,3,6,2,3,3,3,5,2,6,3,2,3,1
87,4,6,4,6,6,3,5,5,3,3,2,5,3,7,4,6,6,2,5,6,6,2,5,3,3,4,6,2,1,3,6,5,6,6,5,4,2,1,3,1,7,3,4,6,1
88,7,6,7,5,7,7,4,4,6,6,6,7,6,7,3,7,6,6,7,6,6,6,7,6,3,6,7,6,1,6,6,2,6,7,6,1,4,3,6,4,7,4,3,6,1
89,5,3,6,3,6,3,3,2,5,5,5,6,5,7,5,5,6,1,5,5,4,6,5,5,3,3,6,4,2,6,6,4,5,5,6,6,6,1,5,1,7,4,4,5,1
90,5,6,7,2,6,7,5,4,6,7,5,4,1,6,6,5,4,3,5,5,5,7,4,7,7,6,6,7,2,7,6,6,4,7,4,2,6,3,7,4,2,6,6,5,1
91,5,7,5,5,6,6,7,3,5,6,5,5,5,6,4,6,6,1,6,5,6,3,5,3,4,6,6,3,2,3,6,5,5,7,5,2,3,2,4,5,5,4,3,6,1
95,7,5,3,3,5,1,7,1,6,5,1,6,7,6,9,4,7,4,7,6,4,3,7,5,1,4,7,1,2,4,4,4,5,6,7,7,1,2,4,6,7,7,7,5,1
97,6,7,7,3,6,7,2,2,5,5,2,5,6,7,5,6,6,2,4,5,6,4,6,3,4,5,6,3,1,7,6,4,6,6,7,6,2,6,7,7,7,2,5,5,1
98,6,6,6,5,5,6,1,2,6,4,3,6,4,6,6,5,6,4,6,6,6,5,5,3,4,6,6,3,1,6,5,2,5,6,5,1,5,1,5,6,7,2,5,6,1
99,6,7,6,3,6,7,4,3,5,6,5,7,4,7,6,7,5,3,6,6,6,6,5,7,5,7,5,5,5,7,7,6,7,6,7,7,5,5,7,4,7,3,5,7,1
101,6,5,4,4,5,5,3,4,5,4,3,5,4,6,4,4,5,4,3,4,5,2,4,3,2,4,5,3,2,3,4,4,4,4,4,5,3,3,4,3,5,4,4,4,1
102,7,7,7,4,6,7,2,3,4,4,4,7,5,7,5,5,7,3,7,7,7,7,7,1,7,7,7,2,2,6,4,6,6,7,7,2,6,2,6,6,7,6,6,6,1
104,7,7,6,1,7,4,2,7,2,7,2,7,6,7,7,6,7,4,1,7,7,5,6,1,5,6,5,4,1,1,6,7,7,6,7,1,1,7,5,1,7,4,7,6,1
107,5,6,7,4,5,5,6,1,5,6,4,6,7,6,6,6,5,4,4,5,4,2,4,2,1,4,4,6,1,4,5,4,6,7,6,4,2,4,4,4,5,4,3,5,1
109,7,6,6,5,6,5,1,3,4,5,2,7,4,7,6,7,7,4,6,7,7,3,6,4,4,4,6,1,1,5,5,7,6,7,7,5,2,1,6,6,7,4,4,6,1
110,6,7,5,7,6,7,1,1,3,6,3,5,3,7,5,7,7,5,7,7,7,5,7,1,7,7,7,3,1,6,6,2,3,7,6,2,2,1,6,2,6,4,2,5,1
111,5,6,6,4,6,7,3,2,6,5,4,5,4,7,4,3,5,4,6,6,6,6,5,6,6,7,5,4,3,6,5,5,6,7,5,3,6,1,5,2,3,6,6,5,1
112,5,6,7,3,5,7,6,3,5,6,6,6,4,7,7,4,6,2,6,5,6,6,5,2,6,7,7,6,3,6,5,2,5,7,4,1,5,2,7,5,6,7,7,5,1
113,6,6,6,4,6,6,3,4,5,5,4,6,3,6,5,6,5,2,5,6,5,6,5,6,6,6,6,5,2,5,6,5,6,7,5,2,6,3,5,6,7,5,6,6,1
114,5,5,7,3,5,7,3,3,2,2,3,4,4,7,3,3,6,4,6,4,4,2,6,3,4,2,6,5,1,7,6,3,6,7,4,4,2,4,6,7,7,6,4,5,1
115,7,6,6,7,5,7,4,1,5,7,7,6,6,7,5,7,7,4,7,7,7,7,7,7,7,7,7,7,1,7,7,3,7,7,6,7,7,1,7,7,7,7,7,6,1
116,4,5,3,4,4,3,3,6,5,5,4,3,3,3,4,7,6,3,5,4,5,5,4,5,5,6,7,5,1,6,5,3,5,5,3,3,6,2,6,3,5,3,6,3,1
117,5,6,6,5,5,5,3,4,5,6,4,6,3,7,5,6,5,4,6,7,7,5,6,4,6,6,6,4,4,5,6,5,6,7,6,4,4,3,5,6,7,3,6,6,1
120,5,4,3,7,7,7,1,1,7,7,1,6,3,6,4,3,5,3,5,6,6,4,6,6,4,3,4,3,3,4,4,4,5,6,6,5,6,3,5,3,7,6,2,6,1
121,7,6,7,2,6,7,1,1,5,5,5,5,7,7,6,5,6,2,7,6,5,6,5,5,6,7,5,4,3,5,5,3,5,6,5,2,5,2,6,7,7,7,7,5,1
122,4,4,7,7,7,6,5,1,1,5,3,7,6,7,6,7,4,5,7,7,6,4,7,7,7,7,7,6,1,6,7,7,7,6,6,2,6,1,5,2,7,7,7,7,1
123,6,3,7,6,4,2,5,1,4,4,4,6,5,7,5,5,7,3,7,7,7,3,7,1,2,3,7,3,1,5,6,4,7,7,7,7,4,3,4,4,6,2,4,6,1
124,6,7,6,4,6,7,5,3,6,6,6,5,5,7,5,4,3,4,4,4,4,6,5,5,7,7,7,6,1,6,6,5,5,7,5,2,6,2,6,5,3,6,6,4,1
125,6,7,7,4,7,7,6,2,3,4,2,6,2,7,5,7,5,2,7,7,7,2,5,2,2,7,7,6,2,4,7,3,6,6,6,3,3,1,4,4,3,3,3,4,1
126,7,6,5,1,7,4,4,7,3,3,2,7,3,7,1,6,7,3,7,5,6,2,6,3,3,2,4,1,2,3,7,6,7,6,6,7,3,4,5,6,7,3,5,7,1
127,7,6,7,5,6,5,4,2,6,6,6,7,6,7,5,5,7,4,7,7,7,6,6,6,6,6,6,6,4,7,6,1,6,7,5,4,6,4,4,4,6,6,5,5,1
128,7,7,7,4,7,7,1,1,7,7,7,7,7,7,3,7,7,4,7,7,7,3,7,7,7,7,7,7,1,7,7,2,7,7,7,1,4,1,7,1,7,4,7,7,1
129,7,7,7,4,4,7,4,2,7,7,7,5,4,7,7,3,6,2,6,6,6,7,6,4,7,7,5,6,3,6,5,4,5,7,5,2,7,4,7,3,4,7,7,5,1
134,5,5,6,4,6,6,7,4,5,6,6,5,5,7,6,5,5,5,6,6,6,5,6,6,5,5,6,5,4,6,6,4,5,7,6,4,4,2,6,6,6,6,4,6,1
135,7,6,6,7,7,6,4,3,4,4,4,6,6,7,5,5,7,1,7,7,7,4,7,6,6,6,7,4,1,7,7,7,7,7,7,7,5,1,4,1,7,3,6,7,1
136,5,6,6,6,5,4,4,1,6,6,5,7,7,7,6,7,5,7,7,5,6,4,7,4,4,4,5,3,1,6,6,5,7,7,7,6,4,3,5,6,7,5,6,7,1
138,7,7,7,3,3,7,1,4,7,7,7,7,3,7,4,7,7,4,6,7,7,4,7,1,4,7,7,1,1,7,4,4,4,7,4,4,1,1,1,1,5,1,4,4,1
140,5,7,5,6,5,3,1,2,7,4,2,6,7,5,5,7,6,5,7,7,6,6,6,5,6,7,7,7,2,7,3,6,7,5,5,2,2,2,2,3,5,6,7,7,1
141,7,7,7,6,7,7,1,3,6,7,3,7,5,7,6,7,7,3,7,7,7,6,7,7,5,6,7,4,1,6,7,6,7,7,7,1,2,1,6,5,7,6,6,7,1
142,6,6,7,4,6,6,3,1,6,6,4,6,4,6,5,5,6,4,6,6,5,4,6,5,6,7,6,4,1,6,6,6,6,6,5,7,4,1,5,7,7,5,5,6,1
143,6,7,7,6,5,7,4,7,3,2,3,7,2,7,3,7,7,1,7,7,7,6,7,7,7,7,7,2,1,3,7,7,7,7,7,2,7,1,4,1,7,7,6,7,1
144,6,6,7,4,6,6,3,3,6,6,5,6,4,7,4,5,4,5,5,3,3,6,3,2,5,6,7,6,1,6,5,2,4,6,4,4,6,2,6,6,7,5,6,4,1
145,7,6,6,2,3,6,2,4,3,6,4,6,1,6,6,6,6,6,7,6,6,6,7,7,6,5,7,6,4,7,2,6,5,6,5,4,6,1,5,7,7,7,7,6,1
146,5,7,7,3,5,7,5,2,5,6,7,6,2,6,4,3,7,5,7,7,7,6,7,4,2,6,5,7,1,5,5,1,4,7,6,1,3,1,3,1,3,3,4,4,1
148,6,5,7,5,6,4,1,2,5,6,3,7,6,7,7,6,7,3,7,6,7,5,6,2,3,3,5,2,1,5,6,3,6,7,7,5,3,1,5,4,7,3,3,6,1
149,7,7,6,5,7,7,3,1,5,6,5,7,7,7,1,6,7,2,6,6,6,5,7,7,3,7,6,4,1,7,7,1,6,7,6,6,4,2,6,6,7,7,5,6,1
150,5,6,5,4,5,5,2,3,4,3,5,4,2,6,3,5,4,5,3,4,4,5,5,6,6,6,7,6,3,5,5,4,3,6,4,3,6,2,4,5,6,3,3,4,1
151,5,6,7,4,6,6,6,2,5,6,5,7,5,7,6,6,5,2,4,5,5,6,5,6,6,6,7,5,2,7,6,5,6,7,6,1,4,2,7,6,6,7,6,5,1
152,6,7,6,4,3,6,1,6,4,4,3,6,4,7,5,4,6,4,7,7,6,2,5,6,4,6,7,2,2,7,4,6,5,6,6,4,2,6,6,7,7,3,6,6,1
153,4,6,3,4,6,6,4,4,3,1,1,3,3,5,3,6,3,2,3,4,4,2,3,4,4,5,5,4,2,3,6,4,4,6,4,2,2,3,6,4,4,4,4,4,1
154,7,6,6,4,7,7,5,4,5,4,1,7,5,7,6,6,7,1,6,7,6,5,7,5,5,6,7,4,1,5,7,5,7,7,7,4,4,2,6,7,7,4,7,7,1
156,7,6,6,4,7,6,3,4,4,5,4,7,2,6,3,5,4,4,6,6,7,4,4,4,5,6,5,4,2,5,7,4,6,7,6,3,4,3,5,7,6,4,5,7,1
157,5,5,6,6,4,4,3,6,3,2,2,7,7,7,7,6,6,7,6,6,6,5,7,4,1,4,7,1,1,4,4,6,3,7,5,6,3,3,5,5,4,5,6,6,1
158,6,6,6,3,4,6,1,1,7,7,1,6,5,7,6,5,7,4,7,6,7,4,7,4,3,7,7,7,1,7,4,2,6,7,6,7,2,1,7,1,4,2,6,6,1
159,7,7,7,3,6,7,7,2,5,5,2,6,6,7,5,5,7,1,6,6,6,4,6,5,7,7,7,4,3,6,7,5,6,7,5,2,3,1,6,6,7,4,7,7,1
160,6,7,6,4,6,7,4,3,6,7,6,7,5,5,7,7,7,4,5,6,6,6,7,3,5,6,7,7,1,5,3,5,6,6,5,5,6,2,5,3,5,7,7,6,1
166,6,6,6,5,7,4,7,4,4,6,3,6,4,5,3,7,5,2,6,6,5,2,5,3,3,4,6,2,1,4,6,6,5,3,5,3,2,5,5,4,6,2,4,6,1
167,6,2,7,4,7,7,1,4,1,6,1,6,1,7,6,5,7,2,5,4,5,1,7,3,4,5,4,1,1,7,7,4,6,7,4,4,1,3,7,7,5,4,5,7,1
183,7,6,7,5,6,6,1,5,5,3,3,6,1,6,3,7,6,3,7,6,6,3,7,3,7,7,5,5,1,6,6,3,5,7,5,3,5,1,4,1,7,1,3,7,1
184,7,7,7,5,6,6,5,4,6,6,6,6,4,7,5,6,7,2,5,5,6,7,7,4,6,7,7,6,4,7,6,4,6,7,6,2,7,2,6,5,7,4,4,7,1
190,7,7,7,4,7,7,7,1,7,7,1,7,7,7,7,7,7,1,7,7,7,7,7,4,3,7,7,1,1,7,7,7,7,7,7,1,6,2,7,1,7,7,7,7,1
192,6,7,5,4,6,6,3,4,5,5,5,6,2,6,6,6,6,2,6,7,6,4,6,3,4,6,7,4,2,5,7,2,6,6,6,2,4,2,4,2,7,5,5,6,1
202,6,6,7,6,7,6,3,1,5,5,2,7,2,7,6,5,7,1,7,7,7,5,7,7,7,7,7,2,1,7,7,6,7,7,7,2,4,1,5,7,7,6,7,7,1
203,6,7,7,4,6,6,6,4,5,4,4,4,2,7,4,6,5,2,6,5,4,6,6,4,6,6,6,3,1,7,6,6,6,6,3,2,6,2,6,1,5,2,2,6,1
204,7,7,7,6,6,7,4,1,7,6,4,7,6,7,7,7,5,4,7,7,6,7,7,7,5,6,7,4,1,7,6,6,6,7,7,3,5,3,6,6,5,7,6,7,1
205,7,7,7,6,6,6,3,3,6,7,4,6,5,7,6,5,7,3,6,6,6,6,6,7,3,6,6,3,1,6,5,5,6,7,7,2,3,1,5,3,3,3,5,6,1
206,6,6,7,4,6,7,6,2,6,6,4,7,5,7,7,6,4,1,6,6,6,6,6,6,5,6,7,6,2,6,7,7,7,7,7,4,5,3,6,3,7,6,7,7,1
208,7,7,5,5,6,7,4,3,5,7,4,7,4,6,7,5,5,2,4,5,5,7,4,4,6,7,7,5,2,7,5,5,6,6,5,3,6,1,6,7,4,5,6,5,1
210,6,5,4,3,5,5,4,5,4,4,4,5,6,7,7,4,5,2,6,6,5,3,4,2,2,3,7,4,3,4,5,6,4,6,4,1,2,2,5,1,4,6,5,6,1
212,7,7,7,6,7,7,4,1,7,7,7,7,7,7,7,6,7,7,7,7,7,7,7,4,5,7,7,7,3,7,6,3,6,7,6,6,7,1,7,2,7,7,7,6,1
213,7,7,7,7,6,7,1,3,3,6,2,7,4,7,4,7,7,4,7,7,7,4,6,6,6,7,7,1,1,7,6,6,7,7,6,4,1,1,6,7,7,4,6,7,1
214,7,6,6,4,6,6,6,4,4,5,3,5,5,6,5,6,5,1,5,5,5,7,5,3,6,6,6,4,1,5,7,5,5,7,5,4,7,1,5,5,6,6,5,6,1
225,7,7,7,6,7,7,7,1,1,6,1,7,5,7,6,7,7,3,3,6,6,7,7,7,6,7,7,5,1,7,7,7,6,7,6,5,7,1,6,4,7,6,7,7,1
226,6,6,5,5,7,5,3,4,5,4,3,6,5,7,9,6,6,1,6,7,6,4,6,3,4,6,7,3,1,5,7,6,6,6,6,3,3,2,5,2,7,2,7,7,1
228,1,1,1,3,5,6,2,3,6,7,6,7,7,7,6,6,6,4,5,4,4,6,5,3,7,4,6,6,3,7,6,2,6,6,5,3,4,3,5,4,6,6,6,5,1
229,6,6,6,5,5,6,2,4,5,4,4,6,4,5,4,6,5,4,5,5,5,3,5,3,4,5,4,4,1,4,5,5,4,5,5,4,4,3,3,2,6,4,4,5,1
230,6,6,7,5,6,6,5,4,5,6,6,5,6,6,6,7,6,1,6,6,6,4,6,6,6,7,6,4,1,6,7,2,7,5,6,1,4,2,4,4,6,4,4,6,1
231,6,5,7,5,6,6,4,5,6,5,5,6,7,7,6,7,7,5,6,7,6,4,6,5,5,6,6,5,2,6,6,6,5,6,5,6,5,6,6,6,5,7,6,6,1
232,7,7,6,7,6,7,7,3,5,6,4,6,1,6,3,6,2,1,4,5,6,6,7,5,6,7,7,5,1,6,7,5,6,6,7,3,5,2,5,6,6,7,6,6,1
234,5,5,6,2,5,6,3,3,3,4,4,6,7,5,2,6,7,5,7,5,7,4,5,2,1,5,3,4,1,6,5,5,5,6,3,1,4,3,6,4,3,7,4,3,1
235,7,7,7,3,7,7,5,1,7,7,7,7,7,7,7,5,7,2,7,4,7,6,7,7,7,7,7,7,4,7,7,1,7,7,6,7,7,2,7,1,7,7,7,6,1
236,6,5,6,4,5,5,2,4,4,4,4,6,2,6,7,3,6,3,5,6,6,4,5,4,4,5,5,4,2,6,6,5,6,7,6,3,3,5,6,6,6,3,3,5,1
238,6,5,7,3,7,7,6,1,6,7,4,7,7,7,4,5,6,6,4,4,4,6,7,6,3,4,6,6,2,7,5,2,6,7,5,7,7,2,6,1,2,4,4,5,1
239,5,6,5,4,6,6,3,4,5,5,4,6,5,7,4,5,6,4,5,6,6,3,5,3,4,6,7,4,1,4,6,6,5,7,5,4,4,1,3,1,7,4,4,5,1
241,6,7,6,5,7,7,3,4,5,6,5,6,2,7,7,7,5,3,7,7,6,4,7,5,6,7,7,4,1,5,7,6,6,7,5,4,4,1,7,6,7,4,6,7,1
242,6,7,6,5,7,6,2,2,6,5,4,5,5,7,5,6,5,1,6,6,7,2,7,3,5,6,7,4,1,5,7,4,6,6,6,5,1,3,5,2,6,2,4,4,1
244,7,7,7,5,6,7,7,1,7,7,7,7,7,7,5,5,7,7,7,7,7,6,7,3,6,7,5,6,3,7,6,1,6,7,6,7,7,0,4,2,6,7,2,6,1
245,7,6,6,5,6,6,6,3,3,5,4,7,6,7,6,7,7,5,6,6,7,7,7,5,5,6,7,4,1,6,7,7,7,7,7,3,5,3,6,1,7,6,6,7,1
246,6,2,6,4,4,6,6,6,2,1,1,6,3,6,4,1,6,6,4,6,6,2,6,7,2,2,6,1,3,1,3,6,6,5,6,3,1,1,4,1,7,4,4,6,1
247,5,3,5,5,5,2,1,4,1,2,1,5,1,7,4,5,7,5,4,6,5,1,3,3,2,5,7,1,1,3,5,4,5,7,5,5,1,1,4,4,7,4,3,5,1
248,7,6,5,6,6,6,5,5,4,4,4,6,4,6,4,6,6,3,6,6,6,2,6,4,4,5,6,2,1,5,7,7,7,7,7,4,1,7,4,1,7,4,1,6,1
249,4,7,6,3,5,5,2,4,4,4,1,4,3,7,7,4,6,4,6,5,6,1,6,5,4,5,4,1,1,6,6,3,4,6,4,3,2,2,6,6,7,4,4,5,1
250,7,7,7,5,7,7,6,2,5,7,3,7,5,7,5,4,6,3,5,6,6,7,6,6,5,7,6,5,1,7,7,4,5,6,5,5,7,1,6,3,7,7,7,6,1
251,6,7,7,4,6,6,5,2,6,5,4,7,4,6,7,7,5,2,5,6,5,4,5,5,5,6,5,2,1,6,5,6,7,6,7,4,4,2,4,7,7,5,4,6,1
252,4,5,7,5,6,6,3,4,6,5,5,6,6,6,5,4,7,3,7,7,7,5,7,6,6,6,6,6,1,6,6,3,5,6,6,4,4,4,5,7,7,5,6,6,1
253,7,3,5,9,7,2,2,3,9,7,3,7,4,7,9,7,7,1,4,5,7,1,7,1,7,9,7,1,1,3,7,1,2,3,7,9,1,1,9,7,7,9,7,7,1
254,5,3,6,3,5,3,1,1,5,7,5,7,4,7,7,1,7,4,7,7,7,6,7,2,3,4,5,3,1,5,7,3,7,7,7,7,4,2,3,1,7,7,3,7,1
255,6,7,6,4,5,7,7,1,6,6,6,6,6,6,6,6,6,2,6,6,6,7,6,6,6,6,6,6,1,6,6,4,6,7,7,3,7,2,7,4,6,6,6,6,1
258,6,7,7,6,7,7,4,5,6,4,4,6,5,7,7,6,6,7,7,7,6,5,6,7,4,6,6,5,2,2,7,4,6,6,6,6,4,4,5,3,7,6,7,7,1
259,7,7,6,3,6,7,6,3,4,3,3,7,2,7,7,4,7,5,6,7,7,4,5,3,5,7,5,5,4,4,6,4,6,6,6,6,4,6,6,4,7,4,6,6,1
264,7,7,6,3,6,6,3,3,5,5,5,6,6,7,5,6,7,1,7,7,7,6,7,5,7,6,7,7,2,5,6,4,5,6,6,5,6,3,5,7,6,6,6,6,1
265,4,6,7,2,7,6,2,3,6,7,2,5,6,6,2,9,3,1,1,6,6,2,3,2,4,6,6,6,2,2,6,6,3,6,4,6,6,6,6,3,6,3,2,6,1
266,7,6,7,5,6,6,2,1,6,6,2,7,5,7,7,6,7,5,7,6,7,5,7,5,2,6,7,4,2,7,6,3,6,7,6,1,5,4,7,2,6,5,6,6,1
267,7,6,6,4,6,7,2,3,3,3,1,7,5,6,7,4,4,6,4,4,4,4,4,7,5,5,7,7,3,7,6,3,6,5,5,5,4,4,7,4,6,7,7,5,1
268,6,7,6,3,7,7,4,3,4,4,2,6,5,7,6,6,7,1,6,6,6,4,6,6,4,7,6,1,1,4,6,6,6,7,6,3,4,1,6,7,6,7,6,7,1
269,6,6,7,3,5,6,5,2,6,5,4,6,3,7,3,6,7,2,7,5,5,5,4,2,3,6,6,4,1,6,6,4,4,7,5,2,4,1,4,7,6,4,4,4,1
270,7,7,7,6,6,7,5,6,7,6,7,7,1,7,7,7,7,5,7,7,7,6,7,7,7,7,7,6,1,7,6,5,6,7,7,7,7,4,7,2,7,6,5,6,1
271,6,6,7,4,6,3,4,2,6,6,4,7,6,7,6,6,6,3,6,6,7,5,7,6,5,5,5,3,1,6,6,4,7,6,7,2,4,1,6,2,7,6,7,7,1
272,5,4,4,3,6,4,2,4,3,4,3,6,4,7,6,5,7,4,6,6,7,3,5,3,3,4,5,3,2,3,5,4,6,6,6,4,3,3,4,4,7,3,4,7,1
273,6,5,6,7,7,7,7,1,5,6,7,7,4,6,5,7,6,2,7,5,5,6,7,4,3,6,6,7,1,5,6,1,6,6,6,1,6,2,5,6,6,7,6,5,1
274,5,6,3,5,7,5,3,3,4,3,3,5,3,6,4,6,7,3,7,6,6,1,7,4,7,6,6,3,1,4,6,4,6,6,6,5,3,1,6,7,6,4,6,6,1
276,7,5,7,4,6,5,2,2,2,5,5,2,1,7,7,4,7,2,6,6,7,4,5,2,2,5,7,5,4,6,5,2,6,7,6,2,4,1,4,6,7,1,5,5,1
277,5,6,6,5,4,5,3,1,5,5,4,6,3,6,6,4,7,4,5,7,5,4,6,5,6,5,5,4,2,4,2,4,5,6,4,2,4,1,5,5,6,3,5,5,1
278,5,6,6,5,7,7,4,3,4,4,5,6,3,7,6,6,7,3,6,6,6,3,6,4,5,6,6,3,2,6,6,7,6,6,5,4,2,2,7,7,7,6,5,7,1
280,6,7,7,6,7,7,3,1,6,6,4,7,1,7,7,5,7,1,7,7,7,7,7,4,5,7,7,4,1,7,7,7,7,7,7,1,6,1,7,7,7,1,5,7,1
293,7,6,7,6,6,6,7,4,6,6,3,7,6,7,6,5,7,4,6,7,7,6,7,6,6,6,6,2,1,6,6,6,6,6,5,7,5,1,5,4,7,6,6,6,1
290,4,6,7,6,6,6,7,1,6,6,6,4,7,7,4,5,6,2,3,5,6,5,5,7,3,6,7,3,1,6,4,6,6,6,6,7,6,1,6,6,7,7,6,6,1
291,7,4,6,4,5,7,4,3,3,3,3,7,7,7,5,7,4,7,7,7,1,7,1,4,4,7,7,2,1,4,7,7,7,7,7,7,1,1,7,1,7,5,1,7,1
292,7,6,6,5,6,6,6,4,6,5,6,6,5,7,6,6,7,5,7,6,6,5,7,6,5,5,6,4,9,5,5,4,6,7,4,5,5,3,5,2,7,5,5,4,1
294,7,6,7,3,5,7,3,1,7,7,7,7,4,7,7,7,3,4,4,5,5,7,4,5,5,5,7,7,1,5,5,1,5,7,7,1,7,2,7,4,7,7,7,7,1
295,7,7,6,6,6,7,3,3,5,6,4,7,5,7,7,6,7,4,7,7,7,5,7,4,5,7,7,2,1,3,7,6,7,7,7,7,4,4,7,6,7,5,6,7,1
299,7,6,7,5,7,7,6,3,5,6,4,5,3,6,4,4,6,4,5,6,6,6,4,5,5,5,5,4,3,5,5,5,4,5,4,4,5,4,4,6,7,5,5,4,1
300,7,7,7,3,7,7,7,1,7,7,6,7,6,7,7,7,7,4,7,7,7,6,7,6,5,6,7,5,1,6,6,6,6,7,7,4,5,2,6,6,7,7,7,7,1
301,4,6,6,2,6,7,1,2,6,4,3,5,2,6,5,4,5,2,4,5,5,6,2,5,6,6,7,5,3,6,6,3,4,6,3,2,6,1,6,2,4,5,4,4,1
302,6,7,7,4,6,7,3,2,5,7,6,7,5,7,4,5,6,3,6,5,6,6,5,5,7,6,6,6,4,6,7,5,6,7,5,4,6,4,7,5,4,6,4,6,1
306,7,6,6,4,6,6,3,4,3,4,4,7,6,7,6,7,7,4,6,6,6,5,6,4,5,6,6,3,1,6,6,6,6,7,6,4,4,2,7,6,7,6,7,7,1
307,7,7,7,4,7,7,7,1,7,7,4,7,4,7,7,7,7,2,7,7,7,7,7,6,6,7,7,7,1,7,7,7,7,7,7,7,7,1,7,7,7,7,7,7,1
308,7,5,7,5,4,5,4,5,5,5,3,4,2,6,7,5,5,4,4,6,5,4,4,4,4,5,7,6,2,6,5,5,4,7,5,1,4,1,6,6,3,4,6,6,1
310,5,7,7,2,7,7,1,1,3,7,4,6,3,7,7,5,7,3,4,7,7,5,7,1,2,6,7,7,1,5,6,5,5,7,6,1,5,1,7,1,7,5,7,6,1
311,7,6,5,7,5,7,1,3,3,4,2,4,2,7,4,5,7,3,7,6,5,4,7,2,3,5,6,3,5,4,4,3,4,7,4,3,4,1,4,7,7,5,5,6,2
313,7,6,6,5,7,5,4,1,1,1,1,6,7,7,4,5,7,1,6,7,7,5,7,5,5,5,7,5,3,5,6,1,7,7,6,2,6,1,7,1,7,5,4,6,2
314,6,6,7,5,5,4,3,3,3,4,2,5,4,7,3,7,6,5,5,6,6,3,6,5,4,5,6,3,1,5,6,4,5,7,7,5,4,4,5,6,7,4,6,7,2
316,7,7,7,6,7,7,2,1,2,3,2,7,6,7,6,7,7,1,6,7,7,3,7,5,6,7,7,5,1,5,7,5,6,7,6,2,4,1,5,1,7,2,5,7,2
317,6,6,6,6,6,6,2,7,3,3,2,6,7,5,5,6,7,2,6,7,6,2,7,2,2,6,7,2,1,5,6,6,5,7,6,2,2,1,5,6,7,3,2,7,2
318,7,6,7,6,6,7,4,5,6,6,4,6,6,7,6,5,7,4,7,7,7,5,6,4,5,6,6,5,1,6,6,6,7,7,6,2,5,1,7,6,7,3,6,7,2
319,6,7,7,4,5,6,4,3,5,5,5,6,2,7,6,6,6,2,6,5,5,4,5,5,6,6,6,6,1,6,5,5,5,6,5,2,5,2,5,3,6,2,4,5,2
320,6,6,6,3,6,6,6,3,5,5,5,5,4,6,6,4,5,2,5,6,6,6,5,3,3,6,6,4,2,4,6,3,5,5,4,4,5,2,4,4,6,3,4,4,2
323,5,6,7,2,6,7,6,5,3,5,3,6,4,7,6,7,7,3,7,7,7,7,7,5,7,6,6,4,1,7,6,5,7,7,6,6,6,3,7,7,7,7,6,5,2
324,7,7,6,4,6,7,4,4,6,7,7,7,4,7,4,6,6,2,5,6,6,4,3,2,2,7,7,4,1,6,6,6,6,6,6,3,4,3,6,5,6,6,2,6,2
325,6,5,4,2,6,7,3,4,4,7,5,4,2,6,5,4,2,4,4,5,4,4,4,6,6,6,5,5,4,5,5,5,4,7,4,4,5,5,7,6,4,6,4,5,2
326,5,6,4,5,7,5,7,4,3,5,3,6,5,6,2,5,6,1,6,7,5,3,5,2,2,5,7,2,1,2,7,5,6,5,5,6,3,2,5,6,7,2,4,6,2
328,5,3,7,5,4,6,6,3,5,6,4,6,6,7,3,2,7,2,5,6,5,3,7,4,3,2,5,6,3,4,4,2,6,7,4,5,3,3,2,7,7,4,5,6,2
329,6,4,7,3,2,5,1,2,4,5,4,7,5,6,7,4,7,7,5,6,6,4,7,2,1,3,5,4,1,5,2,1,6,6,5,3,4,4,4,1,6,3,3,5,2
330,5,7,6,3,5,7,4,2,7,7,7,7,7,7,7,6,6,5,7,7,7,6,6,5,5,7,6,7,3,6,6,5,6,7,5,5,5,4,6,4,5,6,6,5,2
335,6,6,5,4,5,7,5,2,5,5,4,4,4,6,6,5,6,3,6,7,6,5,4,4,6,7,7,4,3,5,5,2,4,7,3,3,5,1,5,2,5,5,5,4,2
336,6,6,5,4,7,6,4,3,4,6,4,7,6,7,5,7,7,2,5,5,6,5,6,4,6,6,7,4,1,5,7,6,7,6,7,6,5,2,5,7,7,5,5,7,2
337,6,6,4,4,5,7,1,4,5,6,6,5,1,6,6,6,6,2,4,4,5,6,6,1,5,6,6,6,5,5,6,6,5,5,5,2,6,3,4,2,6,6,6,6,2
338,6,1,4,7,1,7,1,7,4,1,1,7,1,7,7,7,6,1,5,7,7,1,6,2,3,7,5,2,1,3,4,5,7,7,7,4,1,3,4,1,6,4,5,7,2
341,6,6,6,5,6,5,5,2,4,4,3,5,5,7,6,6,6,2,7,7,6,3,6,4,4,6,7,2,1,5,6,7,5,7,7,3,4,2,5,7,7,5,5,6,2
342,6,6,7,3,7,7,6,4,5,5,5,7,4,7,7,2,6,3,9,3,6,1,6,5,2,2,5,6,4,7,6,1,5,7,5,1,1,6,6,1,6,4,3,2,2
344,6,6,6,5,6,4,4,5,6,6,4,7,3,7,5,6,5,4,6,6,6,5,3,5,4,6,6,3,2,6,6,6,6,6,6,4,5,5,5,1,6,2,2,5,2
345,7,7,7,7,7,2,6,1,7,6,6,4,2,7,7,7,6,5,7,7,7,6,7,6,5,4,6,5,1,7,7,6,6,7,3,6,4,6,3,7,7,1,2,6,2
346,6,6,6,6,6,6,6,5,4,5,3,6,6,6,6,6,6,1,6,6,6,3,7,6,2,6,6,2,1,6,7,5,6,6,6,4,3,3,3,7,6,6,6,6,2
348,6,6,5,6,6,5,3,4,2,3,4,4,3,7,4,6,5,4,6,6,5,4,5,5,4,4,5,4,2,4,5,5,4,6,5,2,3,3,6,3,4,6,7,4,2
349,6,7,5,4,5,7,1,4,4,5,5,5,4,6,7,6,6,2,6,5,5,6,4,2,7,7,7,4,3,5,6,3,5,6,4,2,7,3,4,2,6,6,6,5,2
355,7,7,7,2,6,7,5,2,7,7,7,7,4,7,4,6,5,2,7,6,6,7,5,3,2,7,7,6,3,7,7,3,6,7,5,1,7,2,7,6,6,7,7,6,2
357,6,6,5,3,5,7,6,1,3,4,1,6,1,6,5,6,6,4,5,6,6,4,4,3,6,6,6,3,1,5,5,5,5,6,5,1,3,1,6,6,7,4,4,5,2
358,5,7,6,5,7,7,1,5,4,3,2,3,2,7,6,6,7,4,7,6,6,2,5,4,5,7,7,3,1,3,5,5,6,7,5,3,1,2,7,2,7,2,5,5,2
359,5,5,5,3,5,5,1,6,2,3,3,6,4,6,6,5,5,4,4,6,6,3,7,4,6,5,6,3,2,5,5,4,6,5,4,7,2,3,4,5,4,2,4,4,2
361,7,6,6,6,5,5,2,3,2,5,2,6,1,7,7,5,6,2,6,7,6,4,6,2,2,6,7,1,1,4,7,6,6,6,6,5,3,3,6,7,7,6,6,6,2
363,6,5,5,4,6,6,3,4,4,4,4,6,3,7,6,5,6,2,5,7,6,6,6,4,5,6,6,4,1,4,6,5,6,6,5,4,6,2,5,1,7,4,5,6,2
365,7,7,7,2,7,7,7,1,7,7,7,7,7,7,7,7,7,1,7,7,7,7,6,7,7,7,7,4,1,7,7,1,7,7,5,1,5,1,7,1,7,4,2,5,2
369,7,5,3,1,3,6,1,3,5,4,2,1,1,7,7,3,4,4,7,5,5,6,3,1,7,6,7,4,4,5,4,7,1,6,3,4,5,1,5,5,7,2,4,2,2
370,4,6,5,5,7,6,7,2,6,6,5,7,7,7,7,3,5,3,5,5,5,3,5,5,3,5,5,5,6,5,7,2,6,7,6,6,3,4,6,6,7,7,6,6,2
374,5,6,6,4,5,5,1,2,3,4,4,6,1,6,7,6,7,2,6,7,7,2,5,5,5,5,7,3,1,5,6,6,5,6,6,4,3,7,6,6,4,2,6,6,2
378,5,6,6,5,4,4,3,6,4,3,2,5,3,6,3,5,7,3,5,4,5,4,3,2,4,4,5,4,2,5,5,3,4,6,4,3,3,3,5,2,4,6,5,4,2
379,5,6,7,3,3,6,6,5,4,6,5,4,2,7,7,3,5,7,7,6,6,5,4,4,1,7,6,7,4,6,3,2,4,6,4,3,3,5,7,1,5,5,4,6,2
380,5,6,4,4,6,6,1,4,3,4,2,4,3,6,5,5,6,3,6,5,6,4,6,3,3,6,6,5,1,3,6,6,4,6,4,6,3,1,3,6,6,3,4,6,2
383,7,2,1,2,7,3,5,2,1,1,1,5,1,7,1,4,6,1,6,5,5,4,7,3,2,6,6,4,3,1,5,7,7,7,5,5,1,3,1,1,7,2,6,7,2
385,5,3,7,1,7,2,1,4,5,3,3,7,5,7,1,3,7,2,6,6,6,1,7,4,7,5,6,1,1,7,6,6,6,6,6,3,1,3,5,6,7,4,5,6,2
392,7,7,7,3,6,6,3,2,4,5,5,3,1,6,7,3,5,1,7,6,7,2,6,1,6,6,6,5,3,6,6,1,5,7,3,1,2,1,7,1,7,4,6,4,2
397,7,7,7,4,6,7,5,1,3,7,4,5,1,7,5,6,6,1,7,5,6,7,5,5,7,7,7,5,2,5,7,5,6,7,6,7,6,1,7,1,4,6,6,6,2
398,7,7,7,4,6,7,6,4,6,6,6,7,4,7,7,3,7,4,7,7,7,7,6,6,6,6,7,6,5,7,6,4,7,7,7,4,6,3,6,5,6,4,4,7,2
399,6,6,5,7,7,1,4,7,6,1,4,6,1,7,1,7,7,7,7,5,6,2,7,3,5,7,7,5,1,4,0,5,6,5,6,5,3,3,5,5,3,1,7,5,2
400,5,4,4,4,5,7,4,7,4,5,4,5,6,6,4,3,5,4,6,5,5,4,6,5,4,5,5,1,3,4,5,6,5,6,5,6,2,4,6,5,6,4,6,6,2
401,5,7,7,4,5,7,3,1,5,7,6,6,4,7,7,6,7,4,6,7,7,5,5,4,7,7,7,6,1,6,4,2,5,7,5,3,6,1,6,6,7,5,6,5,2
402,7,6,7,5,6,6,7,4,6,5,5,7,5,7,6,7,7,4,7,7,7,5,7,7,4,4,7,4,1,6,6,6,7,7,7,6,5,5,5,3,7,6,6,7,2
403,6,6,4,5,5,6,5,4,5,5,4,5,4,6,6,5,6,4,5,5,5,3,3,6,5,7,5,5,3,4,4,2,4,6,4,4,3,2,6,3,7,6,5,5,2
404,7,7,7,4,5,7,4,2,7,7,7,7,2,7,6,6,7,4,7,7,7,7,5,7,7,7,7,7,9,7,5,3,6,7,6,2,7,2,7,2,6,6,7,5,2
405,7,6,7,6,6,6,5,1,4,4,4,5,5,7,5,6,6,4,7,6,6,6,6,4,5,6,6,5,2,6,6,5,5,7,5,2,6,2,5,2,6,4,5,5,2
406,7,6,4,6,5,7,2,4,6,6,4,7,6,7,7,5,7,5,6,6,7,6,7,2,4,7,7,7,1,3,5,2,5,5,6,4,6,2,5,3,7,6,6,6,2
407,6,4,1,7,7,3,7,2,3,6,1,5,7,7,4,7,6,2,5,5,4,2,5,3,1,3,4,3,1,2,7,4,6,7,5,5,2,4,6,7,5,5,5,6,2
413,7,5,5,4,6,4,1,3,4,4,3,6,5,7,6,6,7,4,6,6,5,5,6,3,5,5,7,3,2,5,6,6,6,6,5,4,4,2,7,4,4,3,4,6,2
414,6,7,6,4,6,6,1,3,5,4,3,7,6,7,7,5,6,4,5,4,7,4,7,3,4,6,7,7,1,7,5,5,6,5,7,4,3,7,7,6,7,4,1,7,2
417,6,7,5,4,5,7,3,2,6,6,5,4,4,7,4,5,5,4,6,5,4,6,4,3,5,7,6,6,4,5,4,3,4,6,4,2,6,3,6,4,6,4,4,4,2
418,6,5,7,5,6,6,4,4,5,6,6,7,5,7,6,6,7,1,6,6,6,5,7,6,5,6,6,4,1,7,7,4,7,7,6,1,5,1,5,7,7,2,4,7,2
420,7,5,7,5,7,5,4,6,4,6,7,7,7,7,6,7,6,4,6,6,6,4,7,4,6,5,5,7,1,7,7,6,6,6,6,2,4,5,6,2,7,5,5,6,2
421,3,7,4,3,4,4,1,4,5,5,5,5,6,7,6,5,6,5,7,5,6,3,6,3,4,6,7,3,1,2,4,4,6,6,5,5,2,5,5,6,6,5,5,6,2
424,6,4,7,4,4,7,5,3,4,5,3,6,5,7,4,5,4,5,6,4,5,3,4,6,3,6,4,4,2,7,4,4,5,6,6,7,2,3,7,6,7,4,4,6,2
425,5,5,6,4,5,5,1,4,4,6,4,6,5,6,5,6,7,3,6,6,6,6,5,5,6,5,6,4,1,5,5,4,6,6,6,5,6,3,5,4,6,5,5,6,2
434,7,5,3,4,6,4,1,3,4,3,3,6,5,7,3,6,6,1,6,7,7,4,5,4,4,4,7,4,1,4,7,6,6,7,7,4,4,2,4,7,4,1,2,6,2
438,7,5,6,6,7,6,4,2,5,5,2,7,7,7,5,7,7,2,7,6,6,6,6,4,6,6,7,3,1,5,7,4,7,6,6,3,6,3,6,6,6,4,5,6,2
439,7,7,7,5,6,4,4,1,3,6,2,7,5,7,7,7,5,2,5,6,6,6,6,5,6,5,7,3,1,7,6,5,6,7,6,6,5,1,5,6,5,5,4,6,2
440,5,7,5,3,6,3,1,7,2,4,1,7,2,7,6,6,6,1,7,6,7,2,7,3,3,3,7,2,1,2,5,5,6,7,7,6,1,1,5,1,2,2,5,7,2
441,7,5,6,7,5,5,3,1,3,5,5,5,3,6,3,5,7,1,6,7,6,4,7,5,5,6,6,4,1,5,6,5,5,7,5,6,4,3,4,1,7,4,5,6,2
442,5,5,7,3,3,7,4,3,5,3,6,6,5,7,7,4,5,4,5,5,5,3,5,3,5,5,5,1,1,6,5,3,5,5,5,5,3,3,3,2,7,4,4,5,2
443,6,7,7,5,5,7,6,3,6,6,4,6,5,7,7,5,6,3,6,6,6,6,5,7,7,7,6,5,3,6,5,3,5,6,5,5,5,6,7,3,7,6,6,5,2
445,5,7,7,5,6,7,2,1,7,7,7,5,5,7,4,7,5,1,5,5,4,7,7,4,4,7,7,7,1,7,7,3,3,7,4,1,7,1,7,5,1,7,7,4,2
446,6,5,6,4,6,7,5,3,3,4,3,6,6,6,5,6,5,3,6,5,3,2,6,6,4,6,7,2,1,5,5,6,5,5,6,4,3,2,3,2,7,3,6,5,2
447,7,7,4,5,5,7,2,4,4,4,3,5,5,7,3,4,4,2,5,5,6,6,7,4,4,7,6,3,2,4,4,5,5,6,3,5,5,1,3,4,6,2,4,5,2
448,7,6,7,5,6,6,1,2,4,6,5,7,5,7,5,7,6,3,6,6,6,7,6,6,6,7,6,5,1,5,6,2,6,6,6,2,7,3,7,6,7,5,5,6,2
451,6,7,7,2,6,7,6,1,7,7,5,7,4,6,7,4,4,5,5,6,6,7,6,7,7,7,6,6,2,7,5,1,6,7,4,1,7,4,6,3,4,2,5,4,2
452,7,7,6,6,6,7,4,4,6,6,2,7,6,7,4,7,7,4,6,6,6,1,7,4,4,7,7,4,1,6,4,4,6,7,6,3,1,4,7,3,7,2,7,7,2
453,6,6,7,6,7,7,1,4,6,7,6,6,5,7,6,6,6,4,6,6,6,7,7,2,3,6,7,5,1,7,6,5,7,7,7,3,4,5,6,4,4,2,6,6,2
454,7,7,7,5,6,7,5,1,7,7,7,7,5,6,7,6,6,3,7,7,7,7,7,7,7,7,7,6,6,7,6,5,7,6,6,1,6,4,7,4,6,6,6,6,2
455,7,7,6,4,5,7,2,6,7,6,6,7,4,7,6,5,5,3,7,5,5,7,4,7,7,7,7,7,3,7,6,5,5,6,7,3,7,1,5,2,7,6,6,4,2
457,6,4,1,7,5,7,7,7,3,1,1,4,1,7,4,4,7,3,7,7,6,1,7,5,1,4,7,1,1,1,6,6,6,5,6,7,1,1,3,4,7,2,2,7,2
460,7,7,2,5,7,4,5,2,6,5,3,7,5,7,5,7,7,4,7,7,5,6,7,3,7,6,7,6,1,6,7,5,6,7,6,3,3,2,6,5,7,5,5,7,2
461,5,6,5,4,6,5,1,2,3,3,2,6,4,6,6,6,6,2,4,5,5,2,5,4,4,5,5,3,1,4,7,3,6,6,6,2,3,1,6,1,6,2,2,6,2
462,6,6,6,4,6,1,1,2,6,7,7,7,5,7,2,7,7,7,7,6,6,5,6,5,6,5,6,5,3,5,7,2,6,7,6,6,4,2,4,4,7,6,7,6,2
463,7,7,7,4,7,7,2,1,7,7,7,7,2,7,7,7,7,1,5,6,6,7,7,4,6,7,7,2,1,7,6,6,6,7,6,1,6,1,6,1,7,1,2,5,2
464,6,6,7,6,6,5,6,3,4,6,5,5,4,6,5,4,7,3,6,6,5,5,5,4,5,5,6,4,1,6,7,7,6,7,6,5,4,3,5,1,7,4,5,7,2
465,5,6,7,4,7,4,6,3,4,6,5,7,6,7,4,4,7,4,3,6,5,5,6,3,5,5,6,6,3,5,7,2,5,6,5,3,6,4,5,4,7,5,4,6,2
467,5,5,5,5,5,4,4,6,4,3,1,7,6,7,7,6,7,7,7,6,6,2,7,2,2,3,3,2,1,3,6,6,6,7,6,7,2,3,4,7,7,6,4,6,2
469,6,7,7,3,6,7,5,3,6,7,5,7,7,6,5,5,5,2,4,5,5,7,6,4,7,7,7,6,4,6,7,2,6,6,6,3,7,1,6,3,6,7,7,6,2
472,7,7,7,6,4,7,3,6,2,2,3,7,7,7,4,3,6,3,7,7,7,3,5,2,7,7,5,2,2,5,6,6,6,7,7,1,2,3,5,6,7,3,5,5,2
474,6,6,6,6,5,7,5,2,3,1,3,6,6,6,6,7,7,7,7,7,7,5,7,3,3,7,7,3,3,7,3,7,7,7,7,4,4,4,7,4,7,3,6,7,2
476,6,7,6,4,7,6,6,6,5,7,6,7,3,7,4,7,7,1,7,6,7,2,7,4,4,7,7,7,1,7,6,6,6,6,6,1,3,1,7,7,7,3,3,7,2
479,7,7,7,5,6,7,2,3,4,5,2,7,6,6,3,7,6,1,6,7,6,7,7,5,5,7,7,3,1,6,7,6,6,4,6,4,4,2,6,7,7,4,6,6,2
480,4,5,4,4,5,6,3,4,3,4,3,3,3,5,5,2,5,2,5,6,4,4,5,2,2,5,4,5,6,4,6,5,4,6,4,4,3,1,5,7,5,2,6,5,2
481,7,5,6,4,7,5,6,1,3,4,5,7,7,7,6,6,6,2,5,6,6,2,6,4,3,4,5,3,1,2,6,4,7,7,4,3,3,2,4,7,7,4,5,5,2
483,5,6,6,3,5,6,2,2,5,6,5,4,4,6,7,5,5,4,7,6,5,6,5,4,4,6,7,6,4,6,4,6,6,5,4,4,6,1,5,6,7,5,5,6,2
485,7,5,6,5,5,6,3,3,6,7,5,7,5,7,7,6,7,5,6,7,7,7,6,7,6,6,5,6,1,7,5,4,7,5,7,4,6,4,6,2,5,5,6,6,2
486,7,7,7,6,6,7,3,2,2,2,2,7,6,7,3,7,7,2,5,5,7,2,6,2,5,7,6,2,1,2,7,6,6,7,6,4,3,2,3,7,4,1,2,6,2
487,6,7,7,5,7,7,4,1,6,6,4,7,5,7,5,5,6,4,5,5,5,5,5,2,7,6,6,2,1,5,7,2,7,6,7,2,4,3,4,6,7,5,5,7,2
489,6,5,5,5,5,5,4,3,5,5,5,5,5,6,4,4,5,3,4,5,4,5,5,4,5,5,5,4,3,4,5,3,4,6,5,2,5,2,5,2,6,6,6,5,2
490,6,7,5,4,6,7,6,3,6,6,5,4,5,6,6,5,4,4,5,6,5,7,5,5,6,7,6,5,4,4,5,2,3,5,4,4,7,2,6,2,6,5,7,4,2
491,6,5,7,3,6,7,4,1,6,7,7,7,7,7,7,7,7,1,7,7,7,7,7,7,7,7,7,7,1,7,7,3,7,7,7,7,7,1,7,7,4,7,7,7,2
493,6,6,7,6,6,7,3,2,4,6,3,6,7,6,5,6,5,3,7,6,5,6,3,6,6,7,7,5,2,5,6,4,6,7,6,5,5,5,6,3,6,6,7,6,2
494,7,7,3,5,7,7,3,3,3,3,2,6,3,7,5,7,7,1,6,6,7,7,6,3,6,7,7,1,1,5,6,6,6,6,6,1,6,2,5,7,7,2,5,7,2
495,7,7,7,6,6,7,5,1,6,6,6,7,6,7,6,7,5,4,7,7,6,6,6,5,6,7,7,6,1,7,6,1,6,6,5,2,6,2,6,7,7,5,6,5,2
496,5,4,7,2,6,5,1,1,5,7,6,7,6,7,6,6,5,6,6,6,6,7,6,1,4,4,6,4,1,7,5,1,5,6,4,6,6,3,7,7,7,3,3,6,2
497,6,7,7,3,6,7,1,3,6,7,7,3,2,6,7,6,6,2,7,6,5,6,5,6,7,7,7,7,3,7,0,6,2,0,5,7,6,1,7,4,5,7,7,5,2
498,7,6,7,6,7,6,4,4,5,5,3,7,5,7,7,6,6,2,6,6,6,6,6,5,5,5,6,5,1,7,6,6,6,6,6,5,6,4,5,4,7,6,6,6,2
499,6,6,5,5,6,5,3,2,4,3,4,5,3,7,7,6,6,1,7,7,6,5,7,3,5,7,7,3,1,5,7,6,6,7,6,3,5,1,4,5,5,5,4,7,2
500,4,5,5,5,5,5,2,4,3,3,3,5,4,6,2,5,6,4,7,6,6,3,7,2,4,6,7,2,1,4,5,6,6,6,6,5,4,2,4,6,6,4,3,6,2
501,7,7,6,4,6,7,3,2,3,6,5,7,3,7,9,5,4,1,5,6,6,2,5,3,4,5,6,2,1,3,7,6,5,7,7,3,2,1,6,2,7,3,5,6,2
502,6,7,5,4,6,6,4,1,6,6,6,6,3,6,4,6,6,5,5,6,5,6,6,5,6,7,6,6,1,6,6,4,6,5,6,3,6,1,6,4,6,4,6,5,2
503,6,7,5,6,7,7,3,1,5,5,4,7,4,7,4,7,7,1,7,7,7,6,7,2,5,7,7,4,1,4,7,7,6,7,7,3,4,1,5,7,7,4,7,5,2
504,7,6,6,5,6,6,7,3,5,6,6,6,3,7,6,6,6,4,6,6,6,6,6,5,5,6,7,4,1,6,6,3,6,7,6,4,6,1,6,6,6,7,6,5,2
505,7,7,6,4,6,7,7,3,5,6,5,6,4,7,6,5,7,1,7,7,7,6,7,5,6,7,7,5,1,6,6,5,5,7,5,1,5,2,5,6,7,6,6,5,2
506,7,6,7,3,7,4,7,1,5,5,2,7,4,7,5,6,7,3,6,6,6,6,6,3,5,6,7,2,1,7,7,6,7,7,6,1,5,1,4,6,7,7,4,6,2
509,7,7,7,4,7,7,2,1,7,7,7,5,7,7,9,5,7,3,7,6,6,7,7,5,7,7,7,6,1,6,6,3,6,6,6,4,7,1,5,4,7,4,4,6,2
512,7,7,5,4,6,7,2,2,3,5,4,6,6,7,5,7,5,2,6,5,6,7,6,4,7,7,6,6,1,6,7,6,6,7,6,3,7,1,5,1,4,4,5,6,2
513,6,6,5,3,5,7,1,7,7,7,7,7,7,7,6,6,6,1,6,6,6,5,6,5,6,7,7,5,1,5,5,5,6,5,6,5,4,1,4,4,7,2,6,7,2
514,6,5,5,5,6,6,4,5,4,4,4,6,4,7,6,5,7,7,7,7,7,5,7,5,5,5,7,4,1,3,5,6,6,6,6,6,4,1,4,2,7,4,4,6,2
515,6,7,7,3,5,5,4,4,4,5,4,4,4,7,7,6,7,7,7,6,5,2,4,5,7,5,6,5,4,7,6,5,7,6,6,7,4,2,4,6,7,5,5,7,2
517,5,5,6,4,5,5,3,3,5,6,5,6,5,6,6,6,5,4,5,5,5,4,4,4,4,5,6,5,1,4,5,3,5,5,5,3,3,4,4,3,5,3,6,5,2
518,7,7,6,6,7,7,2,5,6,6,6,5,5,7,6,4,6,2,6,7,7,6,6,4,7,7,7,4,1,7,7,7,7,7,4,5,6,1,7,7,7,7,7,6,2
519,6,7,7,5,5,6,7,3,4,5,4,6,4,7,4,6,5,3,4,6,5,4,5,5,4,6,6,4,1,4,6,4,6,7,5,3,3,4,6,5,7,5,5,5,2
520,7,7,7,4,5,7,3,3,3,7,4,7,7,7,3,5,7,7,5,7,6,2,5,2,2,7,7,5,1,7,5,6,6,7,5,3,2,1,7,6,3,2,4,4,2
521,7,7,5,7,6,7,1,7,4,4,3,6,1,6,5,5,7,1,6,6,7,2,7,6,5,7,7,2,1,4,6,6,6,6,6,3,4,1,4,1,7,3,4,7,2
522,7,7,7,4,6,7,7,3,6,6,7,6,5,6,5,6,7,1,6,6,6,7,6,5,7,7,7,7,1,7,7,3,6,6,5,2,7,1,6,4,7,7,7,6,2
523,6,3,6,6,2,2,1,5,2,2,2,6,5,6,6,7,7,6,6,5,7,2,7,3,1,3,7,2,1,5,4,6,7,6,6,6,1,5,6,4,7,6,6,7,2
527,5,3,5,5,5,6,4,3,5,5,3,3,3,5,3,6,5,4,5,5,6,4,5,4,6,7,5,4,1,4,5,7,5,7,6,4,1,1,4,4,5,7,5,7,2
528,6,7,3,6,5,6,5,5,3,4,3,4,3,6,5,3,3,3,3,3,3,3,3,2,3,6,6,4,2,3,7,5,4,6,4,5,1,3,6,4,4,6,6,5,2
529,7,7,7,7,7,7,1,3,7,3,2,7,1,7,3,7,7,6,7,6,7,6,7,3,6,4,7,7,1,6,5,6,7,6,7,7,4,2,7,7,7,3,5,7,2
530,5,5,5,6,6,5,4,3,5,4,1,6,5,6,7,5,6,3,6,6,6,5,6,3,1,6,6,4,1,3,6,4,5,7,5,6,3,3,3,2,6,3,4,6,2
533,6,6,7,2,6,7,4,2,5,7,7,3,2,6,7,5,6,5,7,3,5,7,2,7,1,6,7,6,2,6,5,5,5,6,4,1,6,6,7,4,7,2,6,6,2
534,4,3,5,5,4,3,1,4,4,5,3,5,4,4,3,3,4,5,4,3,4,2,4,3,3,4,4,4,2,3,3,2,3,5,4,2,2,2,3,1,6,3,4,3,2
535,5,9,1,6,9,6,1,7,2,3,2,5,3,7,3,3,4,3,6,5,5,3,5,4,3,4,4,1,1,2,5,2,5,6,5,7,3,1,3,2,6,4,4,4,2
536,6,6,6,5,6,6,5,2,6,6,4,6,3,6,6,6,6,1,6,7,6,5,6,5,5,6,6,4,1,6,6,6,6,6,6,3,5,3,6,3,6,4,5,6,2
538,4,7,5,7,7,7,1,4,4,3,1,5,5,7,5,7,7,1,7,7,7,4,7,5,4,7,7,1,1,5,7,7,7,5,7,5,3,1,3,3,7,5,3,7,2
539,7,7,7,4,7,7,5,2,6,6,6,7,4,7,7,6,7,2,6,7,7,6,7,6,6,6,7,6,1,7,7,4,6,6,6,3,5,4,6,2,6,7,7,6,2
540,5,6,7,4,5,7,3,5,5,5,5,7,2,7,7,6,7,7,6,6,6,4,6,7,7,7,6,7,1,7,5,3,5,7,6,7,5,3,6,7,4,1,7,6,2
547,6,7,6,4,6,6,5,3,5,5,4,6,5,7,4,5,7,4,7,7,6,5,5,5,5,6,7,5,1,5,6,4,5,6,5,7,6,2,5,6,5,5,6,5,2
549,5,6,4,3,5,6,2,2,4,3,2,6,5,5,6,5,6,4,6,6,6,4,6,2,2,4,6,1,1,4,5,5,5,6,4,4,3,4,4,2,5,2,2,4,2
550,4,6,7,6,7,2,4,2,2,1,1,6,6,7,2,7,6,2,6,5,6,2,6,3,5,6,6,1,1,4,7,6,6,7,6,4,3,3,7,2,7,5,5,7,2
551,6,6,6,4,7,5,2,4,6,4,4,6,5,7,7,4,6,1,5,6,5,4,4,3,4,5,7,4,2,6,5,5,6,7,6,2,4,1,7,7,6,4,7,5,2
552,7,7,6,4,6,6,3,3,3,3,2,6,3,6,3,6,6,2,6,6,6,5,6,2,2,5,6,2,1,4,2,6,6,6,6,6,6,1,6,6,7,2,3,6,2
553,5,6,5,4,7,7,3,4,4,5,4,5,4,5,3,6,5,4,5,4,4,4,5,5,4,5,5,3,1,3,5,4,5,4,4,4,3,2,6,6,5,4,5,4,2
554,7,6,7,3,5,7,3,3,6,7,6,4,5,7,7,4,7,3,7,7,7,6,7,4,6,6,7,6,3,7,5,4,4,6,3,2,5,1,7,2,7,4,3,3,2
555,5,7,5,4,6,5,2,3,5,5,4,5,4,7,5,6,5,4,5,5,5,5,5,5,5,6,6,5,1,5,5,4,5,6,5,4,5,4,3,3,7,4,5,5,2
556,6,5,7,4,7,6,2,2,5,4,5,6,6,7,7,7,6,2,5,5,6,4,5,4,5,6,7,5,1,6,6,6,6,6,5,4,4,1,5,7,7,5,5,7,2
557,6,5,3,6,6,5,6,5,3,4,4,6,6,7,7,6,6,4,5,6,6,4,7,4,3,5,5,1,1,5,7,6,5,6,6,6,4,4,5,7,6,5,5,6,2
558,6,4,5,5,6,3,6,3,4,3,4,6,5,7,4,5,6,1,6,6,6,4,6,5,4,4,6,4,1,4,7,7,7,7,7,7,4,1,5,3,7,6,7,7,2
559,6,6,7,5,6,5,5,5,6,5,5,6,6,7,6,6,5,4,5,5,5,5,7,4,6,6,6,5,2,5,6,5,5,6,6,5,5,4,5,4,7,5,5,5,2
560,4,6,6,4,5,6,1,2,5,5,4,3,4,3,5,6,6,3,6,6,6,2,5,6,4,5,7,4,1,5,3,5,4,7,4,2,1,2,5,6,1,3,4,5,2
567,7,3,7,5,6,2,5,4,3,4,3,7,2,7,1,4,5,3,6,5,7,3,7,2,2,3,7,3,1,5,7,5,6,7,6,4,3,3,4,6,7,4,2,6,2
569,6,7,6,4,6,5,2,4,5,5,3,7,6,7,3,7,7,4,7,6,6,5,7,5,6,5,6,4,1,5,6,5,7,7,7,4,5,3,5,6,6,6,7,6,2
570,7,7,7,4,7,7,1,1,7,7,3,7,7,7,7,5,7,6,6,6,5,3,7,6,3,7,7,2,1,7,5,4,5,7,7,3,2,3,5,4,7,7,7,7,2
571,7,7,5,6,7,6,7,3,3,5,2,6,6,7,6,6,4,4,7,6,6,7,7,5,3,7,6,4,2,6,7,4,6,6,7,6,6,3,5,6,7,4,6,5,2
572,5,7,4,2,4,7,1,7,2,4,1,5,5,6,6,4,6,5,5,5,5,6,4,2,2,7,7,7,1,3,4,7,4,6,4,2,5,4,6,6,5,4,4,5,2
573,6,7,6,3,4,6,5,1,6,5,5,5,3,6,7,6,5,3,5,5,6,7,5,4,5,6,6,5,2,6,4,4,5,7,6,2,7,2,6,4,6,4,5,6,2
576,7,6,6,5,6,7,7,3,6,7,6,6,5,6,6,6,6,2,4,5,5,7,7,6,6,6,6,7,1,5,5,5,6,6,6,6,7,2,6,6,7,7,7,6,2
577,6,5,3,5,6,6,6,1,5,4,2,6,6,6,3,6,6,5,5,5,5,4,6,6,4,5,5,3,1,4,6,3,4,6,4,5,4,4,5,4,6,5,5,5,2
578,6,4,7,5,4,7,4,1,3,7,2,5,2,7,5,6,4,7,7,5,6,7,4,7,7,6,6,7,1,7,4,4,5,7,5,1,7,1,6,1,7,7,7,4,2
579,6,5,5,3,6,7,1,6,3,5,1,6,5,7,4,6,7,2,7,6,6,4,7,2,3,6,6,2,1,2,6,3,6,7,5,3,3,2,5,6,3,4,4,6,2
581,5,5,7,4,5,5,4,7,3,6,6,7,6,7,5,5,7,4,5,6,6,4,5,4,4,5,6,5,1,5,7,5,5,6,5,4,4,2,4,4,7,5,6,5,2
582,4,1,1,3,5,5,3,3,7,5,7,7,2,7,6,5,1,4,1,4,5,1,4,3,7,7,5,3,2,6,7,2,7,7,6,7,3,3,4,7,7,7,5,7,2
583,4,5,4,5,6,4,2,2,4,4,4,6,4,7,5,7,6,1,7,7,7,5,5,2,4,4,5,3,1,4,7,6,6,6,5,4,4,3,4,6,3,3,6,6,2
587,6,6,7,6,5,6,4,1,1,1,3,1,1,1,2,7,7,4,7,7,7,6,5,4,6,7,7,4,1,6,7,5,5,5,5,3,4,3,7,3,7,6,7,7,2
588,7,7,1,4,6,6,5,1,1,5,2,6,4,7,6,6,5,1,6,6,5,5,7,1,1,6,7,1,1,5,7,6,6,7,6,2,3,1,6,2,7,4,6,7,2
589,6,5,5,5,5,5,3,3,4,3,4,5,4,6,5,4,5,1,4,4,4,4,4,4,4,4,4,4,1,4,6,4,4,7,6,5,5,3,5,2,6,4,6,5,2
590,6,7,6,6,6,7,3,3,3,9,4,7,7,7,4,7,6,2,5,5,6,1,3,4,6,7,5,2,1,4,6,6,6,7,6,4,3,1,7,1,6,4,5,6,2
591,6,5,4,6,6,4,5,2,2,6,2,7,6,7,3,7,7,3,6,7,6,5,6,3,2,3,6,4,2,5,6,6,6,7,5,4,5,3,6,6,6,2,5,6,2
592,6,6,6,4,6,6,3,5,5,5,5,6,6,6,6,6,5,4,5,5,5,4,4,3,4,5,5,4,2,3,6,5,5,6,5,3,5,2,6,5,7,4,4,4,2
683,7,7,7,6,6,7,2,3,3,3,1,6,6,7,7,5,4,3,4,6,6,1,3,2,6,6,6,1,1,6,6,7,6,6,7,1,1,1,6,2,6,2,6,6,2
685,7,6,3,4,5,6,3,1,5,5,4,5,3,6,3,3,4,2,5,5,5,4,5,3,6,6,6,4,4,4,6,2,5,6,4,4,6,2,5,3,6,3,3,3,2
686,5,6,4,6,5,4,3,4,4,7,4,7,7,6,4,7,7,5,5,5,7,7,7,3,3,5,5,5,1,4,4,6,7,6,6,7,7,3,4,2,4,5,5,5,2
687,6,7,6,5,6,7,3,4,6,6,6,7,3,7,5,6,7,3,6,7,7,3,7,5,4,7,6,4,1,5,6,6,6,7,7,4,4,2,5,6,6,3,5,7,2
688,3,6,5,5,5,6,3,5,3,2,2,2,2,5,4,3,5,4,4,5,4,2,5,3,5,5,5,4,2,4,4,5,3,6,2,2,2,3,2,6,6,2,2,4,2
689,6,7,5,4,7,7,7,2,5,6,6,7,7,7,3,7,5,4,5,5,5,7,6,3,6,7,7,7,4,6,7,2,6,6,6,3,7,2,5,6,7,5,5,6,2
690,6,3,7,3,6,5,2,3,3,4,3,7,4,7,6,7,7,3,7,7,7,2,6,3,3,4,6,3,1,5,5,6,6,6,7,7,3,4,3,2,7,2,2,6,2
691,7,6,5,5,5,5,5,2,5,5,2,6,5,5,5,5,5,2,5,4,4,4,4,5,4,5,6,4,2,6,6,4,6,5,5,4,5,2,6,2,6,6,6,5,2
706,7,6,7,3,7,4,2,4,4,2,1,6,4,7,7,7,7,5,7,7,7,3,7,2,7,7,7,1,1,5,7,7,7,7,5,1,2,1,1,2,7,5,4,7,2
707,6,7,7,6,6,6,1,1,6,6,5,6,4,7,5,6,5,1,4,6,4,7,7,5,5,7,7,2,1,7,7,4,5,7,5,6,6,2,5,3,7,1,7,6,2
708,3,1,1,6,6,1,1,5,1,3,1,6,3,6,6,7,6,2,5,7,6,1,7,7,2,1,6,1,1,6,6,6,6,7,6,6,1,4,3,7,7,1,4,7,2
709,7,7,6,6,7,7,6,1,6,6,5,7,5,7,7,7,7,1,7,7,7,6,6,6,4,7,7,4,1,6,6,6,7,7,7,3,6,2,7,7,7,4,6,7,2
710,4,6,5,6,6,6,2,2,4,4,4,4,4,5,6,6,5,1,5,5,4,3,3,1,3,6,6,4,1,5,5,6,4,7,4,2,3,1,6,6,5,2,2,4,2
711,7,6,7,3,6,7,1,2,6,5,4,6,2,7,6,6,6,1,6,6,6,5,5,3,5,7,7,3,1,6,6,6,6,7,6,3,4,1,2,6,3,2,2,6,2
717,7,6,7,5,7,6,3,3,4,4,2,7,4,7,6,5,6,3,7,7,7,4,6,2,4,5,7,2,1,6,6,6,6,7,6,3,5,2,5,4,7,3,2,6,2
724,7,4,7,4,4,7,3,1,5,6,4,7,5,7,7,7,7,5,7,7,7,3,7,5,4,5,7,4,1,4,4,6,4,7,4,1,3,1,7,7,7,3,6,4,2
754,7,6,6,6,7,6,7,4,5,5,4,7,6,7,6,7,6,4,5,6,5,7,6,6,6,6,6,3,1,6,7,4,6,7,7,3,5,2,5,4,6,5,7,6,2
755,7,7,5,7,7,7,7,2,1,3,1,7,9,7,7,7,7,1,7,7,6,3,7,7,7,7,7,1,1,7,7,7,7,7,7,1,2,1,5,7,7,7,7,7,2
756,7,6,7,6,7,7,4,1,7,7,2,7,6,7,7,7,7,4,7,6,7,7,7,6,6,7,7,7,1,6,7,5,7,7,6,3,7,1,7,2,6,3,7,6,2
757,3,5,3,4,5,5,1,2,4,4,5,6,7,7,4,7,6,4,5,5,4,1,6,2,3,5,5,4,1,4,6,6,6,7,5,6,1,2,5,5,6,2,4,5,2
758,6,3,7,7,5,4,1,3,1,1,1,7,7,7,6,7,7,4,6,6,6,2,7,2,4,6,7,3,1,4,5,6,7,7,7,2,4,1,5,3,5,1,1,5,2
