{
  "lang":"en",
  "name":"model",
  "version":"0.0.0",
  "spacy_version":">=2.3.7",
  "description":"",
  "author":"",
  "email":"",
  "url":"",
  "license":"",
  "spacy_git_version":"cae72e46d",
  "vectors":{
    "width":0,
    "vectors":0,
    "keys":0,
    "name":"spacy_pretrained_vectors"
  },
  "pipeline":[
    "parser"
  ],
  "factories":{
    "parser":"parser"
  },
  "labels":{
    "parser":[
      "ROOT",
      "cc",
      "compound",
      "conj",
      "dep",
      "dobj",
      "nmod",
      "nsubj",
      "punct"
    ]
  }
}