"cue","response","fsg","bsg","was_comp","cos","lsa419","lsa300","bgl_item","bgl_comp","t1700","t900","lch","jcn","lesk"
"airplane","boat",0.015,0,0.40547,0.094,0.135,0.21,0.333319212,0.485232457,0.000057,0.000016,1.791759469,0.320403814,0.042248462
"airplane","car",0.02,0,0.69315,0.204,0.111,0.12,0.37308295,0.462082466,0.000261,0.002971,1.018569581,0.078537359,0.060758514
"airplane","helicopter",0.015,0.072,2.16333,0.122,0.552,0.62,0.313339703,0.315575056,0.011583,0.012521,2.48490665,0.240809788,1.063219949
"airplane","jet",0.086,0,2.15176,0.775,0.668,0.7,0.460104539,0.294024726,0.026786,0.033789,2.890371758,0.476301816,1.192006638
"airplane","train",0.01,0,0,0.291,0.138,0.23,0.415692123,0.437747574,0.00044,0.000367,1.185623666,0.071076212,0.038612155
"alligator","crocodile",0.46,0.629,4.69043,0.822,0.39,0.48,0.202847651,0.369532205,0.00041,0.000872,2.48490665,0.480257694,1.470899471
"ambulance","car",0.014,0,0.84458,0.201,0.208,0.25,0.284681429,0.448383294,0.001095,0.002205,2.890371758,0.217766006,1.110382958
"anchor","ship",0.254,0,3.23475,0.055,0.514,0.58,0.395937925,0.394011719,0.053157,0.066674,1.185623666,0.076171909,1.06161739
"ant","grasshopper",0.017,0,0.62653,0.302,0.565,0.61,0.30149436,0.416856433,0.006604,0.011293,1.974081026,0.125304141,0.082238002
"ant","spider",0.017,0,0.53063,0.348,0.463,0.55,0.179554901,0.3312531,0.000027,0.025782,1.791759469,0.114779966,0.017510656
"apartment","building",0.077,0.025,2.32239,0.108,0.554,0.58,0.62437037,0.594061737,0.172817,0.298197,1.185623666,0.055675135,0.160817805
"apartment","house",0.154,0.055,3.03975,0.414,0.334,0.4,0.681358713,0.646144252,0.047744,0.012358,1.974081026,0.112278484,0.475229601
"apple","banana",0.02,0.153,2.85071,0.442,0.252,0.32,0.351055685,0.259882261,0.000649,0.000395,2.48490665,0.140284389,0.587441914
"apple","orange",0.174,0.082,3.2426,0.464,0.389,0.42,0.284645275,0.372526711,0.000128,0.000086,1.974081026,0.189289986,0.204531107
"apple","peach",0.027,0.062,2.18605,0.543,0.346,0.4,0.437714144,0.394391802,0.030393,0.011365,2.197224577,0.140071763,0.365238095
"apple","pear",0.047,0.252,3.39786,0.632,0.27,0.29,0.39313269,0.346774112,0.008541,0.003028,2.48490665,0.477965265,0.705816972
"apple","pie",0.074,0.228,3.40784,0.057,0.416,0.47,0.293283795,0.332364275,0.018968,0.022539,1.637608789,0.113319963,0.003546911
"apron","tie",0.02,0,0.69315,0.09,0.29,0.37,0.362207381,0.212166968,0.00023,0.000367,1.791759469,0.092977937,0.124758372
"ashtray","cigarette",0.496,0,3.90399,0.112,0.448,0.52,0.142893345,0.117841206,0.002772,0.012369,0.944461609,0.045437888,0.027777778
"bag","sack",0.11,0.444,4.01458,0.338,0.47,0.56,0.514665676,0.6383857,0.001425,0.020388,2.48490665,0.098252924,1.479166667
"ball","football",0.043,0.035,2.05413,0.262,0.292,0.45,0.500553448,0.542114672,0.005132,0.007288,2.890371758,0.399542851,1.30751287
"banana","gorilla",0.021,0.013,1.22378,0.089,0.226,0.27,0.012642362,0.128455109,0.005328,0.002358,0.875468737,0.048987798,0.012903226
"banana","grape",0.014,0,0.56759,0.29,0.108,0.18,0.094728516,0.168448123,0.000144,0.001057,2.48490665,0.133564654,1.169351362
"banana","orange",0.042,0,1.76202,0.346,0.377,0.39,0.367224776,0.296127611,0.002861,0.006534,2.197224577,0.126702953,0.131661857
"banana","strawberry",0.014,0.01,1.1112,0.36,0.24,0.25,0.101287619,0.192045839,0.000048,0.000222,2.48490665,0.092527052,1.028636106
"banjo","guitar",0.384,0.034,3.7329,0.787,0.323,0.38,0.226006083,0.338276846,0.007314,0.008532,2.48490665,0.156194667,2.290950176
"barn","cow",0.173,0,2.85071,0.075,0.562,0.63,0.478033591,0.64806741,0.057638,0.040173,0.587786665,0.052150847,0.022619048
"barn","door",0.047,0,1.54757,0.179,0.282,0.32,0.420466206,0.654993484,0.00036,0.006313,1.386294361,0.067455538,0.192727273
"barn","horse",0.165,0,2.80336,0.08,0.34,0.4,0.509239736,0.601126749,0.014501,0.032462,0.875468737,0.055468718,0.05025641
"barn","house",0.016,0,0.47001,0.149,0.311,0.37,0.651942011,0.777541425,0.026674,0.026848,2.197224577,0.131706843,0.17
"barn","shed",0.016,0.02,1.28094,0.458,0.578,0.63,0.568170123,0.50713515,0.012117,0.019857,1.974081026,0.105453869,0.107142857
"barrel","bucket",0.073,0.014,2.16333,0.14,0.371,0.42,0.287453316,0.448213514,0.01359,0.000189,2.48490665,0.099518766,1.4
"barrel","drum",0.012,0,0.18232,0.112,0.149,0.21,0.271956119,0.440696731,0.000036,0.000018,3.583518938,209681401,2
"barrel","wheel",0.012,0,0.18232,0.274,0.187,0.2,0.197246533,0.44029949,0.0001,0.000022,1.098612289,0.060873815,0.134259259
"basement","cellar",0.071,0.287,3.57795,0.515,0.507,0.58,0.39810877,0.675378531,0.002048,0.009529,3.583518938,209681401,3.106666667
"basement","house",0.058,0,1.75786,0.04,0.4,0.45,0.474492867,0.669485972,0.056192,0.027223,1.974081026,0.103247265,0.072702194
"basket","bowl",0.021,0,0.74194,0.099,0.46,0.53,0.491850431,0.605239397,0.000386,0.001076,2.48490665,0.098537316,1.611111111
"bathtub","sink",0.091,0,2.20828,0.541,0.484,0.59,0.442029167,0.470960361,0.010498,0.008483,1.504077397,0.059705028,0.098746365
"bathtub","toilet",0.019,0,0.64186,0.251,0.27,0.32,0.180435848,0.346249828,0.005784,0.002985,1.504077397,0.078198782,0.711971828
"bear","dog",0.01,0,0.88559,0.304,0.047,0.04,0.566063928,0.617308024,0.000488,0.000025,1.018569581,0.066071443,0
"bear","lion",0.02,0.021,1.47169,0.471,0.153,0.24,0.451177356,0.5431098,0.000071,0.000011,1.018569581,0.059591426,0
"bear","tiger",0.01,0,0.37807,0.394,0.005,0.08,0.24792387,0.494305377,0.000027,0.00001,1.280933845,0.056261357,0
"beaver","otter",0.014,0.093,2.37025,0.555,0.337,0.39,0.104228305,0.144667694,0.000699,0.00021,2.48490665,0.162632715,1.125
"bed","pillow",0.016,0.133,2.70136,0.374,0.792,0.81,0.43651974,0.530695092,0.010583,0.012866,1.386294361,0.060172342,0.094444444
"bedroom","house",0.043,0,1.45862,0.019,0.327,0.37,0.550376898,0.683074616,0.018966,0.020786,1.791759469,0.113048819,0.35383288
"belt","pants",0.307,0.011,3.45947,0.082,0.351,0.38,0.254852091,0.293626256,0.001143,0.001994,0.875468737,0.05203163,0
"belt","rope",0.016,0,0.47001,0.11,0.208,0.28,0.31944683,0.43462673,0.00383,0.002339,1.386294361,0.050702864,0.126173709
"belt","tie",0.024,0,0.87547,0.102,0.355,0.43,0.324140672,0.218435257,0.001648,0.001628,1.504077397,0.061916147,0.288095238
"bench","chair",0.109,0.013,2.50144,0.511,0.37,0.39,0.723389393,0.657197974,0.015232,0.046616,2.48490665,0.32845064,1.549575617
"bench","table",0.036,0,1.87595,0.323,0.239,0.31,0.570055902,0.720523596,0.0067,0.010039,2.48490665,0.5304809,1.119047619
"bike","car",0.1,0,2.30259,0.346,0.12,0.22,0.505452084,0.638795096,0.000042,0.0074,2.48490665,0.221473965,1.235523482
"bike","chain",0.013,0,0.26237,0.051,0.135,0.13,0.064379181,0.339946035,0.003043,0.006004,1.504077397,0.076293293,0.49673043
"bike","motorcycle",0.027,0.174,3.00072,0.49,0.586,0.59,0.328226318,0.545411851,0.045427,0.03522,3.583518938,209681401,3.614211246
"bike","tricycle",0.02,0,1.01502,0.516,0.052,0.06,0.234405783,0.279486117,0.000012,0.000005,2.48490665,0.098100114,1.535476869
"bike","wheel",0.033,0,1.19393,0.01,0.469,0.48,0.290240151,0.429932239,0.029778,0.154019,3.583518938,209681401,2.437239755
"biscuit","bread",0.194,0,2.96528,0.249,0.314,0.38,0.217099021,0.238971958,0.008631,0.019462,2.48490665,0.345976256,0.193958845
"biscuit","chicken",0.011,0,0.09531,0.138,0.345,0.41,0.138092223,0.223999086,0.000302,0.000344,1.185623666,0.051329989,0.048198925
"bison","buffalo",0.387,0.061,3.80221,0.829,0.681,0.69,0.479622134,0.464238292,0.04082,0.031469,2.890371758,6.153129381,2.738428705
"bison","bull",0.073,0,1.98788,0.376,0.183,0.22,0.100614752,0.255639504,0.000188,0.000178,0.875468737,0.055946332,0.04248366
"bison","cow",0.013,0,0.87161,0.393,-0.013,0.03,0.092392251,0.245525167,0.00007,0.000051,0.810930216,0.056687228,0.05664488
"bison","moose",0.013,0,0.26237,0.643,0.291,0.34,0.160255314,0.271024789,0.000276,0.001232,1.974081026,0.106347064,0.04187316
"blouse","pants",0.038,0,2.87647,0.379,0.568,0.59,0.393145603,0.301305666,0.003902,0.009525,1.791759469,0.106405562,0.348559486
"blouse","shirt",0.647,0.135,4.35927,0.737,0.592,0.64,0.445132811,0.392062526,0.008912,0.022492,2.197224577,0.121125387,0.154693601
"blouse","skirt",0.071,0.199,3.29584,0.493,0.674,0.7,0.454857206,0.393540747,0.010158,0.01241,2.197224577,0.118804696,0.235902842
"blouse","sweater",0.013,0.047,1.79176,0.317,0.536,0.58,0.401917045,0.369531004,0.002165,0.005229,2.197224577,0.11443272,0.631499109
"blueberry","cherry",0.014,0,1.14664,0.472,0.051,0.05,0.163817742,0.20107731,0.000461,0.003465,1.637608789,0.09367001,0.144457469
"blueberry","pie",0.228,0.016,3.19459,0.285,0.48,0.52,0.315910551,0.249584161,0.028151,0.00962,0.875468737,0.047917553,0.004701124
"blueberry","raspberry",0.034,0.063,2.27213,0.544,0.16,0.2,0.045220484,0.068447078,0.000365,0.001016,2.48490665,0.160590185,0.694654882
"blueberry","strawberry",0.145,0.025,2.83322,0.474,0.335,0.37,0.098924741,0.091561924,0.000074,0.000184,2.48490665,0.1717751,1.06809573
"boat","canoe",0.016,0.429,3.79549,0.217,0.503,0.57,0.509798746,0.686149421,0.01835,0.011171,2.48490665,0.344185545,0.5829392
"boat","ship",0.126,0.575,4.24993,0.276,0.347,0.49,0.607803355,0.785549248,0.013781,0.008684,2.48490665,0.587057375,1.138982958
"boat","yacht",0.031,0.594,4.13517,0.101,0.279,0.36,0.20108033,0.37454775,0.000325,0.002427,2.48490665,0.164963428,1.098725124
"book","magazine",0.031,0.244,3.31419,0.368,0.26,0.29,0.543278327,0.610207859,0.000594,0.001452,2.48490665,0.13929142,1.049026507
"bottle","jar",0.033,0.014,1.54757,0.726,0.478,0.6,0.627163794,0.751776577,0.000172,0.002007,2.48490665,0.118658385,1.611111111
"bowl","cup",0.072,0.043,2.44235,0.106,0.6,0.66,0.411445745,0.631505203,0.010884,0.047508,2.48490665,0.111333721,1.479166667
"bowl","dish",0.111,0.133,3.19459,0.652,0.548,0.63,0.471620947,0.608086944,0.001613,0.002324,2.48490665,0.10546342,1.479166667
"bowl","plate",0.05,0.042,2.21921,0.534,0.325,0.39,0.406611792,0.482078079,0.012668,0.002191,2.48490665,0.107686489,1.611111111
"bowl","pot",0.011,0.014,0.91629,0.127,0.434,0.53,0.506812376,0.644841979,0.00822,0.042419,2.48490665,0.102821603,1.611111111
"bowl","saucer",0.011,0.03,1.69263,0.197,0.282,0.31,0.321019892,0.472372165,0.000187,0.000093,1.791759469,0.101909765,0.260714286
"bowl","spoon",0.078,0,2.05413,0.292,0.528,0.6,0.39383422,0.510849094,0.004991,0.002322,2.48490665,0.090798177,1.333333333
"bracelet","chain",0.014,0,0.50432,0.165,0.05,0.08,0.102318576,0.185579245,0.004421,0.006361,2.197224577,0.17291418,0.162710438
"bracelet","necklace",0.095,0.154,3.21487,0.616,0.303,0.42,0.227269277,0.189369697,0.000082,0.00012,2.48490665,0.180300187,1.192990511
"brick","building",0.013,0.042,1.70475,0.033,0.567,0.68,0.551448307,0.56773448,0.048145,0.068987,1.280933845,0.0499961,0.175
"brick","rock",0.013,0,1.46103,0.417,0.067,0.08,0.295072704,0.447802655,0.000085,0.00003,2.48490665,0.188091792,1.1125
"brick","stone",0.096,0,2.26177,0.302,0.339,0.47,0.552207571,0.617201783,0.008966,0.029079,2.48490665,0.168834278,0.347807971
"brick","wall",0.077,0.058,2.60269,0.031,0.596,0.67,0.616863958,0.551529285,0.069101,0.044142,1.974081026,0.056600898,0.087293447
"broom","brush",0.024,0,0.87547,0.525,0.203,0.3,0.242415861,0.374218116,0.000188,0.002726,2.197224577,0.088232915,0.181255884
"broom","stick",0.079,0,2.06687,0.325,0.268,0.32,0.295991616,0.443096774,0.001815,0.000429,2.197224577,0.105895201,0.068190518
"brush","comb",0.163,0.636,4.38078,0.156,0.309,0.29,0.391554618,0.553043627,0.00107,0.003217,2.48490665,0.497850198,1.541666667
"buffalo","bull",0.047,0,1.54757,0.405,0.279,0.34,0.2297105,0.392753871,0.000249,0.00041,0.810930216,0.055442233,0.063492063
"buffalo","cow",0.061,0,1.80829,0.441,0.026,0.09,0.185322918,0.445354387,0.000034,0.00004,1.974081026,0.162562888,0.13953824
"buffalo","elephant",0.014,0,0.33647,0.49,0.215,0.23,0.269777187,0.413563244,0.000892,0.000058,1.386294361,0.088436106,0.037267081
"buggy","car",0.236,0,3.16125,0.437,0.154,0.2,0.40154716,0.503490205,0.000134,0.000069,1.974081026,0.132004938,0.136289839
"buggy","cart",0.108,0,2.37955,0.524,0.323,0.4,0.284014388,0.446748746,0.001447,0.027876,1.791759469,0.093554213,0.219742063
"buggy","horse",0.155,0,2.74084,0.043,0.501,0.52,0.458129919,0.535375835,0.074425,0.061191,1.280933845,0.066904988,0.179012346
"buggy","whip",0.014,0.014,1.02962,0.025,0.29,0.34,0.157185082,0.272069241,0.002206,0.006599,1.386294361,0.063094949,0.00308642
"building","house",0.119,0.024,2.66026,0.489,0.147,0.2,0.65442254,0.774158841,0.015521,0.00707,2.890371758,0.410332297,1.137263138
"building","skyscraper",0.017,0.432,3.80444,0.45,0.416,0.44,0.207096186,0.254953479,0.000904,0.00093,2.890371758,0.139203664,1.131191986
"bull","calf",0.012,0,3.37349,0.111,0.395,0.44,0.271455709,0.434555193,0.001031,0.006826,0.875468737,0.080541095,1.445098039
"bull","cow",0.558,0.097,4.18205,0.249,0.222,0.21,0.290282045,0.50203511,0.002104,0.00405,2.48490665,0.231455479,1.35
"bullet","gun",0.589,0.096,4.22684,0.334,0.588,0.63,0.307251562,0.482989669,0.128887,0.151671,0.693147181,0.050401193,0.458333333
"bureau","desk",0.04,0,1.3863,0.453,0.136,0.15,0.1678357,0.28810139,0.000368,0.000491,2.197224577,0.16659158,0.724914966
"bureau","dresser",0.141,0.02,2.77882,0.903,0.062,0.08,0.116009127,0.263359034,0.000171,0.000131,3.583518938,209681401,3
"bureau","table",0.013,0,0.26237,0.269,0.115,0.14,0.182870244,0.386412266,0.000788,0.001178,2.48490665,0.220341233,1.104400093
"bus","car",0.252,0.022,3.31055,0.563,0.098,0.22,0.565450331,0.737071862,0.005755,0.000575,2.890371758,0.346339915,0.624133385
"bus","taxi",0.039,0,1.36098,0.472,0.447,0.45,0.417122044,0.431319317,0.044263,0.011793,1.386294361,0.104091675,1.161572085
"bus","wagon",0.016,0,0.47001,0.172,0.161,0.17,0.394888478,0.610392798,0.002853,0.000133,2.48490665,0.181641799,0.536706349
"butterfly","caterpillar",0.097,0.358,3.81772,0.214,0.865,0.88,0.27131405,0.47628301,0.024389,0.013772,1.504077397,0.098719749,0.134902214
"butterfly","moth",0.109,0.267,3.62701,0.627,0.656,0.69,0.269966159,0.466519875,0.030673,0.017584,2.48490665,0.675414963,1.0849451
"cabbage","lettuce",0.281,0.021,3.40784,0.6,0.42,0.45,0.395308268,0.407673668,0.008504,0.007903,3.583518938,209681401,2
"cabbage","rabbit",0.029,0,1.06471,0.021,0.115,0.12,0.222290547,0.328123779,0.000098,0.000787,0.944461609,0.051833197,0.062540401
"cabin","cottage",0.02,0.016,1.28094,0.524,0.25,0.29,0.36611687,0.584158999,0.000062,0.000653,2.48490665,0.127299617,1.142857143
"cabin","house",0.17,0,2.83322,0.223,0.132,0.16,0.510167352,0.716949381,0.000255,0.000361,2.890371758,0.260648752,1.224561601
"cabin","ship",0.014,0,0.33647,0.067,0.42,0.47,0.377189127,0.638465133,0.024462,0.02859,1.098612289,0.068518425,0.268041228
"cabinet","closet",0.028,0,1.02962,0.458,0.105,0.11,0.100907174,0.423370966,0.000102,0.000095,1.386294361,0.059208524,1.088888889
"cabinet","cupboard",0.048,0.151,2.99072,0.835,0.116,0.14,0.186704327,0.43166775,0.000118,0.000061,2.197224577,0.235505033,0.365539966
"cabinet","desk",0.021,0,0.74194,0.359,0.171,0.21,0.242509143,0.472135536,0.000649,0.000989,2.197224577,0.137827098,0.223544974
"cabinet","door",0.097,0,2.27213,0.313,0.052,0.08,0.20222016,0.489288513,0.000372,0.000258,1.386294361,0.065193882,0.069444444
"cabinet","plate",0.021,0,0.74194,0.038,0.059,0.07,0.159878422,0.428576444,0.00004,0.000033,1.504077397,0.065092112,0.065277778
"cage","pen",0.014,0,0.33647,0.093,0.132,0.25,0.282595811,0.517083283,0.000497,0.000019,2.48490665,0.1424644,1.055074555
"cake","pie",0.071,0.168,3.17388,0.397,0.517,0.62,0.357065574,0.374767809,0.000032,0.027761,2.197224577,0.278244881,0.07448133
"calf","cow",0.697,0.194,4.48976,0.32,0.691,0.68,0.372524459,0.503774528,0.151911,0.086362,0.875468737,0.082185742,1.519607843
"camel","donkey",0.014,0,0.33647,0.315,0.174,0.27,0.193166039,0.459833307,0.000112,0.00001,1.637608789,0.0847158,0.174107143
"camel","horse",0.014,0,0.33647,0.306,0.21,0.2,0.332633259,0.519364886,0.000044,0.000026,1.791759469,0.147111909,0.140473817
"cannon","gun",0.135,0,2.60269,0.428,0.38,0.42,0.288951643,0.430956348,0.114817,0.114009,2.890371758,0.504470162,1.336499582
"cannon","ship",0.02,0,0.69315,0.07,0.134,0.17,0.25089135,0.421793253,0.000489,0.000087,1.185623666,0.070722357,0.005245051
"cape","cloak",0.013,0.053,1.88707,0.573,0.081,0.11,0.150633033,0.2694843,0.000018,0.000023,2.890371758,1.837858258,1.584712478
"cape","coat",0.033,0,1.19393,0.263,0.125,0.16,0.216203811,0.256660683,0.000593,0.00034,2.197224577,0.490169319,0.424430199
"cape","robe",0.02,0,0.69315,0.372,0.104,0.13,0.245999435,0.209492592,0.00002,0.000015,1.974081026,0.122356638,0.319607843
"car","train",0.011,0.058,1.93152,0.337,0.265,0.33,0.607290676,0.731694776,0.026233,0.030187,1.791759469,0.165486738,1.379739742
"car","truck",0.111,0.264,3.62434,0.525,0.363,0.49,0.666969206,0.797228556,0.012326,0.012534,2.48490665,0.614593468,1.146743384
"carrot","celery",0.076,0.216,3.37417,0.435,0.278,0.37,0.184101188,0.283682156,0.001164,0.001629,2.48490665,0.081681098,1.070738706
"carrot","orange",0.18,0,2.89037,0.097,0.245,0.29,0.128491936,0.236219753,0.001236,0.007562,1.637608789,0.106218609,0.35504329
"carrot","stick",0.071,0,1.9601,0.062,0.252,0.32,0.139947733,0.340686077,0.001791,0.000517,1.185623666,0.053014677,0.387878788
"carrot","tomato",0.015,0,1.2364,0.152,0.387,0.46,0.147669862,0.245141367,0.0049,0.00528,2.48490665,0.087475255,1.118070818
"cart","horse",0.064,0,1.8563,0.04,0.341,0.39,0.365782186,0.568933687,0.014318,0.033134,1.280933845,0.063604299,0.005952381
"cart","tray",0.021,0,0.74194,0.038,0.118,0.13,0.277250557,0.455223773,0.000077,0.000014,1.974081026,0.094724294,0.070597128
"cart","wagon",0.121,0.088,3.03975,0.74,0.391,0.46,0.397394934,0.616687417,0.007346,0.097896,2.890371758,0.778090076,1.657309897
"cart","wheel",0.079,0,2.06687,0.016,0.176,0.25,0.268733914,0.516419636,0.002288,0.000353,2.48490665,0.157108533,1.162618708
"cat","dog",0.513,0.667,4.77069,0.602,0.211,0.36,0.734752231,0.838768971,0.062597,0.041,1.974081026,0.112520273,0.841666667
"cat","mouse",0.256,0.543,4.38078,0.377,0.695,0.72,0.523941714,0.719942206,0.049746,0.029629,0.639079959,0.045675277,0.005128205
"caterpillar","moth",0.014,0,2.1464,0.211,0.658,0.7,0.264995225,0.382446515,0.035127,0.021457,1.504077397,0.093194812,0.122527151
"caterpillar","worm",0.074,0.012,2.15176,0.216,0.179,0.24,0.08103961,0.404871938,0.000892,0.00087,1.018569581,0.052828695,0.016258741
"cathedral","church",0.717,0.016,4.29456,0.441,0.379,0.43,0.219821903,0.539257299,0.011534,0.000702,2.890371758,0.277284578,1.377520287
"celery","lettuce",0.041,0,1.41099,0.761,0.541,0.58,0.376448788,0.386533068,0.005556,0.008774,2.48490665,0.0829159,1.061040189
"celery","stick",0.095,0,2.25129,0.057,0.075,0.12,0.169248668,0.202919949,0.002142,0.000134,1.018569581,0.062995937,0.051785714
"celery","tuna",0.02,0,0.69315,0.067,0.142,0.18,0.102975311,0.125572087,0.000041,0.000073,1.637608789,0.072690881,0.04047619
"chain","fence",0.022,0.031,1.66771,0.173,0.039,0.06,0.175005528,0.314561148,0.000091,0.000011,0.944461609,0.047058531,0
"chain","necklace",0.056,0.077,2.58777,0.275,0.089,0.11,0.09633771,0.270215945,0.000207,0.00001,2.890371758,4.221016705,1.806313131
"chain","rope",0.028,0.011,1.36098,0.163,0.036,0.11,0.172525681,0.406449642,0.000024,0.000014,1.504077397,0.063294356,0.031204737
"chain","whip",0.034,0.177,3.04928,0.1,0.06,0.05,0.090743437,0.233664467,0.000023,0.000011,0.944461609,0.049937139,0.051515152
"chair","couch",0.109,0.288,3.68135,0.568,0.56,0.69,0.507581485,0.487082594,0.001007,0.001672,2.48490665,0.32358197,1.549421296
"chair","cushion",0.019,0.086,2.35138,0.127,0.283,0.34,0.356660153,0.3758672,0.003883,0.002963,1.504077397,0.06307706,0.026200274
"chair","desk",0.019,0.29,3.43076,0.407,0.454,0.49,0.678270361,0.707605346,0.034124,0.017009,1.974081026,0.177561713,0.307892416
"chair","sofa",0.077,0.132,3.03975,0.546,0.635,0.73,0.646769306,0.606578012,0.003046,0.005559,2.48490665,0.32358197,1.549421296
"chair","table",0.314,0.756,4.67283,0.425,0.524,0.61,0.657274407,0.603801788,0.079676,0.071759,2.197224577,0.239948808,0.247149889
"chapel","church",0.621,0,4.12875,0.652,0.385,0.42,0.221615835,0.366975835,0.057542,0.065927,2.48490665,0.228859562,1.527777778
"cheese","mouse",0.176,0.072,3.21085,0.027,0.13,0.12,0.17484988,0.237390207,0.000028,0.000123,0.944461609,0.052280218,0.006410256
"cheese","rat",0.018,0.014,1.61383,0.019,0.069,0.11,0.121264378,0.221238991,0.000028,0.000015,1.280933845,0.049017964,0.030555556
"cherry","grape",0.014,0,0.33647,0.374,0.131,0.19,0.146970648,0.176361312,0.000725,0.000019,2.48490665,0.153699985,0.496927716
"cherry","pie",0.182,0.076,3.25038,0.098,0.2,0.24,0.194419612,0.218523181,0.005968,0.009465,0.587786665,0.043535383,0.009090909
"cherry","strawberry",0.021,0.045,1.88707,0.559,0.149,0.23,0.116880594,0.151594619,0.000111,0.000031,0.693147181,0.045060971,0.226542208
"chicken","rooster",0.022,0.299,3.46886,0.553,0.239,0.24,0.153115384,0.318271687,0.009112,0.007351,2.890371758,0.389871245,1.451237692
"chicken","turkey",0.027,0.081,2.37955,0.481,0.222,0.23,0.256494683,0.288875532,0.000116,0.000305,2.48490665,0.323509354,1.578764172
"chipmunk","rat",0.02,0,0.69315,0.207,0.139,0.18,0.144923403,0.268565399,0.000084,0.000586,2.197224577,0.145695621,0.022616918
"chipmunk","squirrel",0.22,0.027,3.20681,0.666,0.403,0.47,0.265853373,0.365512529,0.007844,0.00085,2.890371758,0.306927676,1.16971917
"chisel","fork",0.01,0,0,0.164,0.105,0.16,0.123626854,0.257258043,0.00005,0.000028,1.018569581,0.059696238,0.059712774
"chisel","hammer",0.328,0,3.49043,0.35,0.586,0.62,0.414835703,0.544272229,0.018468,0.016071,1.637608789,0.107058735,0.148148148
"chisel","knife",0.026,0,0.95551,0.283,0.408,0.47,0.457815588,0.515158176,0.000708,0.001285,2.48490665,0.284294608,1.343992025
"cigar","cigarette",0.216,0.082,3.39451,0.581,0.246,0.26,0.454240334,0.483448476,0.005269,0.038151,2.48490665,0.358235577,1.564924392
"clam","crab",0.014,0,0.33647,0.431,0.569,0.59,0.251892996,0.352208699,0.020674,0.015393,2.48490665,0.290230842,1.170833333
"clam","pearl",0.021,0.011,1.76271,0.041,0.099,0.1,0.052308473,0.177617137,0.000046,0.00581,0.944461609,0.043673219,0.137345679
"clam","shell",0.09,0.028,2.4681,0.118,0.464,0.43,0.298710792,0.37199659,0.105019,0.048851,1.386294361,0.063247664,0.110648148
"clarinet","flute",0.213,0.049,3.26576,0.799,0.512,0.57,0.370161179,0.304196958,0.001009,0.000719,1.974081026,0.15326864,0.148820191
"clarinet","trumpet",0.096,0.02,2.45101,0.498,0.628,0.69,0.402976757,0.395634244,0.006059,0.003948,1.637608789,0.145181021,0.102472527
"cloak","coat",0.118,0,2.4681,0.313,0.327,0.38,0.354802493,0.411110525,0.002217,0.001943,2.48490665,0.668449301,1.376717243
"cloak","jacket",0.02,0,1.47385,0.245,0.314,0.35,0.338134834,0.35024409,0.000257,0.000447,2.197224577,0.420086156,0.231984631
"cloak","robe",0.013,0,0.26237,0.368,0.448,0.54,0.250346494,0.310001754,0.004823,0.000357,2.197224577,0.131083618,0.364118247
"cloak","scarf",0.013,0,0.26237,0.233,0.329,0.36,0.332373718,0.334018801,0.002319,0.000244,2.197224577,0.141199568,0.250141983
"clock","radio",0.012,0,0.18232,0.05,0.074,0.11,0.185953172,0.46582163,0.000175,0.000066,1.386294361,0.071942562,0.011282051
"coat","jacket",0.176,0.564,4.30407,0.413,0.54,0.6,0.643120294,0.672863781,0.00439,0.008132,2.890371758,1.130627884,1.627351993
"coat","sweater",0.027,0.041,1.91693,0.716,0.381,0.45,0.516544074,0.480824534,0.001978,0.002619,2.197224577,0.147761583,0.162851484
"coat","tie",0.027,0.027,1.6864,0.124,0.358,0.42,0.429348067,0.304908,0.001986,0.004758,1.974081026,0.159648677,0.167986201
"cottage","house",0.381,0,3.64022,0.407,0.369,0.42,0.519690348,0.658013022,0.030343,0.03197,2.890371758,0.248824159,1.329183211
"cottage","hut",0.032,0.03,1.82455,0.71,0.51,0.54,0.480049115,0.621221396,0.010018,0.012017,1.791759469,0.069704661,0.083333333
"couch","cushion",0.02,0.223,3.19048,0.297,0.179,0.26,0.263485029,0.262010796,0.000063,0.000163,1.504077397,0.060058011,0.024247685
"couch","sofa",0.189,0.507,4.24277,0.879,0.591,0.71,0.515329994,0.673661836,0.003163,0.002836,3.583518938,209681401,2.147460938
"cougar","leopard",0.011,0,1.04465,0.379,0.293,0.3,0.10194126,0.338460315,0.00005,0.001914,1.791759469,0.156412328,0.16017316
"cougar","lion",0.087,0,2.16333,0.432,0.251,0.29,0.170877366,0.399530111,0.020679,0.028456,1.791759469,0.207774611,0.251309524
"cougar","panther",0.022,0.025,2.08783,0.592,0.332,0.34,0.168018082,0.278279505,0.0006,0.000528,3.583518938,209681401,3.05
"cougar","tiger",0.054,0,1.6864,0.38,0.249,0.27,0.091293491,0.351863623,0.00084,0.01124,1.791759469,0.173180602,0.163809524
"cow","horse",0.061,0.091,2.7213,0.433,0.126,0.18,0.379471843,0.625324798,0.00102,0.001943,1.791759469,0.140463607,0.075222146
"cow","pig",0.024,0.022,1.52606,0.332,0.358,0.45,0.32495995,0.550563901,0.001132,0.031152,1.504077397,0.154876208,0.222077922
"coyote","dog",0.23,0,3.1355,0.325,0.133,0.18,0.255555027,0.490188355,0.000608,0.00417,1.386294361,0.055895736,0.073260073
"coyote","fox",0.022,0,0.78846,0.485,0.417,0.48,0.227617492,0.455220003,0.00213,0.00593,2.197224577,0.129368402,0.077927928
"crab","lobster",0.128,0.141,3.29213,0.757,0.442,0.5,0.129010723,0.180908818,0.000061,0.004223,2.48490665,0.263005065,1.3255
"crab","shrimp",0.02,0.034,1.6864,0.523,0.337,0.4,0.199404144,0.165646063,0.000036,0.000078,2.48490665,0.328394553,1.10264649
"crayon","pencil",0.047,0,1.54757,0.068,0.549,0.6,0.316290455,0.313759127,0.003727,0.007745,2.48490665,0.199507569,1.165
"crow","rooster",0.014,0.113,2.5416,0.272,0.141,0.27,0.24372077,0.329177171,0.000026,0.000091,0.693147181,0.039971996,0.206349206
"cup","mug",0.025,0.268,3.37759,0.582,0.399,0.48,0.425734144,0.443928512,0.008643,0.008501,2.48490665,0.09191916,1.4125
"cup","saucer",0.418,0.527,4.5486,0.192,0.351,0.4,0.252808688,0.423017385,0.001917,0.000345,1.098612289,0.053879425,0.037128427
"cup","spoon",0.019,0,0.64186,0.106,0.501,0.59,0.364579023,0.433165642,0.001717,0.003574,2.48490665,0.101027496,1.848214286
"cushion","pillow",0.194,0.03,3.10906,0.68,0.207,0.26,0.247256428,0.256970077,0.000023,0.000032,2.890371758,1.384783166,1.321141975
"cushion","pin",0.05,0.022,1.97408,0.052,0.179,0.2,0.100629653,0.22412214,0.000119,0.000035,1.791759469,0.072446652,0.125
"cushion","sofa",0.065,0,2.13493,0.266,0.22,0.29,0.275256634,0.309776488,0.000334,0.000995,1.504077397,0.060058011,0.024247685
"dagger","knife",0.614,0,4.11741,0.683,0.246,0.27,0.18899751,0.336875492,0.000121,0.000503,2.890371758,0.413922057,1.383653646
"dagger","sword",0.147,0.026,2.85071,0.696,0.389,0.49,0.223404166,0.31394619,0.000078,0.000089,2.197224577,0.122360656,0.332547289
"deer","fawn",0.042,0.534,4.05353,0.576,0.515,0.56,0.12776639,0.356742494,0.013465,0.001969,2.890371758,0.309394353,1.297164417
"desk","lamp",0.034,0.019,1.66771,0.05,0.129,0.15,0.347683144,0.528570805,0.000017,0.000127,2.197224577,0.137827098,0.231292517
"desk","pen",0.028,0,1.02962,0.035,0.25,0.31,0.377931807,0.570907129,0.004818,0.052217,1.504077397,0.072972835,0.169489247
"desk","pencil",0.014,0,0.40413,0.174,0.351,0.41,0.353041228,0.509585139,0.032261,0.044571,1.504077397,0.073672007,0.104990842
"desk","table",0.09,0.019,2.80527,0.405,0.177,0.22,0.620084371,0.685039246,0.007981,0.002413,2.890371758,0.682925228,1.274650601
"dish","pan",0.036,0.02,1.72277,0.106,0.508,0.62,0.524191269,0.636919695,0.0168,0.005053,2.48490665,0.099637733,0.830876491
"dish","plate",0.315,0.23,3.9982,0.672,0.238,0.32,0.338094091,0.489359648,0.001354,0.000739,2.48490665,0.115326547,1.479166667
"dish","saucer",0.024,0.048,1.97408,0.221,0.225,0.31,0.325372133,0.50360091,0.000023,0.000023,3.583518938,209681401,3.516824085
"dish","spoon",0.024,0,0.87547,0.282,0.425,0.54,0.263352219,0.464063755,0.000433,0.000199,2.48490665,0.096170016,1.8125
"dishwasher","sink",0.013,0,0.38527,0.27,0.351,0.39,0.207149529,0.29733335,0.000314,0.00049,1.018569581,0.044491392,0.009259259
"dishwasher","stove",0.013,0,0.26237,0.351,0.331,0.39,0.222056292,0.314824556,0.000574,0.000307,1.974081026,0.165268614,0.015384615
"doll","toy",0.154,0.089,3.19048,0.369,0.501,0.56,0.294074251,0.441826791,0.084607,0.013428,2.890371758,0.401844742,1.089697702
"dolphin","tuna",0.022,0.02,1.94437,0.248,0.429,0.48,0.261075006,0.252617243,0.000032,0.000057,0.587786665,0.041992779,0.363793933
"dolphin","whale",0.05,0.031,2.09187,0.435,0.617,0.64,0.27285237,0.471424033,0.107939,0.126666,2.48490665,2.769980701,0.432450039
"donkey","horse",0.135,0.012,2.68785,0.518,0.078,0.09,0.310946629,0.541836487,0.000123,0.000046,2.197224577,0.185744967,1.012656642
"door","house",0.011,0,0.09531,0.109,0.32,0.37,0.540392796,0.70249743,0.050823,0.054633,1.791759469,0.112151927,0.170762108
"door","key",0.011,0.218,3.13114,0.18,0.223,0.22,0.253725482,0.52586242,0.00242,0.003345,0.639079959,0.05375172,0.1875
"door","wall",0.011,0.045,1.72277,0.137,0.193,0.25,0.449602718,0.679514771,0.003209,0.003892,1.504077397,0.077487316,1.357886338
"dove","pigeon",0.014,0.071,2.49157,0.684,0.202,0.3,0.065123625,0.159592711,0.000443,0.000963,2.890371758,0.643770561,1.391617063
"drain","faucet",0.014,0.014,1.44644,0.064,0.38,0.38,0.480861985,0.44368506,0.002311,0.000875,1.018569581,0.059501558,0.12537415
"drain","sink",0.324,0.047,3.61362,0.106,0.38,0.41,0.363171873,0.501457328,0.003362,0.002395,1.185623666,0.057907548,0.029761905
"dress","pants",0.22,0.011,3.13984,0.364,0.614,0.63,0.528224226,0.443508413,0.001658,0.007829,2.48490665,0.238883514,1.138009504
"dress","shirt",0.016,0,1.65703,0.421,0.595,0.61,0.601590525,0.564010905,0.003477,0.016579,2.48490665,0.156773577,1.054882969
"dress","skirt",0.165,0.295,3.82864,0.705,0.697,0.73,0.501909812,0.513233078,0.011987,0.012968,2.48490665,0.152907675,1.323063797
"dresser","mirror",0.034,0,1.22378,0.056,0.075,0.22,0.206849356,0.348178992,0.000754,0.000755,0.810930216,0.043175625,0.12
"dresser","table",0.04,0,1.3863,0.269,0.232,0.31,0.313288089,0.495912689,0.003299,0.011328,2.890371758,0.237201527,1.240162361
"drum","guitar",0.032,0.034,1.88707,0.391,0.437,0.58,0.284697842,0.418132345,0.000619,0.0048,1.974081026,0.145181349,0.240604806
"drum","kettle",0.013,0.043,1.72277,0.029,0.065,0.1,0.151040318,0.416526308,0.000046,0.000008,2.48490665,0.17777082,1.101325758
"duck","goose",0.162,0.261,3.74479,0.626,0.44,0.49,0.24207452,0.411523237,0.012702,0.00428,2.48490665,0.546358352,2.236976061
"duck","swan",0.014,0.145,2.76632,0.434,0.339,0.43,0.17875384,0.356848523,0.006477,0.002042,1.974081026,0.241375807,1.234267883
"elephant","giraffe",0.021,0.04,1.80829,0.272,0.445,0.49,0.140119725,0.248986189,0.003531,0.005516,1.637608789,0.074362353,0.083980331
"elephant","mouse",0.089,0,2.18605,0.257,0.2,0.3,0.345517517,0.442789282,0.00003,0.000025,1.974081026,0.093398371,0.024639008
"elevator","escalator",0.108,0.279,3.65584,0.419,0.194,0.28,0.140537088,0.389859738,0.000189,0.000056,1.504077397,0.048365442,0.027315754
"elk","moose",0.263,0.036,3.39786,0.702,0.335,0.4,0.352826835,0.199197007,0.000216,0.000299,3.583518938,209681401,3.21978022
"faucet","sink",0.155,0.074,3.13114,0.235,0.446,0.48,0.42307019,0.471156388,0.004226,0.00444,1.185623666,0.060995543,0.08994709
"faucet","tap",0.02,0.011,1.61198,0.221,0.197,0.22,0.503249204,0.328317865,0.001435,0.000402,2.890371758,2.845776931,0.944588745
"fence","gate",0.094,0.353,3.79998,0.403,0.591,0.65,0.559613935,0.731242318,0.065088,0.016618,0.875468737,0.054448874,0.229100529
"fence","sword",0.016,0,0.47001,0.081,0.047,0.08,0.313921791,0.428501772,0.000023,0.00001,1.280933845,0.072742159,0.004882155
"fence","wall",0.031,0,1.1314,0.135,0.195,0.23,0.513094226,0.729258489,0.000451,0.001193,2.890371758,3.370045395,1.233575838
"flute","trumpet",0.021,0.02,1.41099,0.482,0.463,0.52,0.317347284,0.378137553,0.002121,0.002458,1.974081026,0.149128395,0.170418291
"flute","violin",0.028,0,1.72914,0.497,0.535,0.59,0.360573627,0.419619377,0.006409,0.007041,1.637608789,0.108501085,0.088870025
"fork","knife",0.37,0.327,4.2442,0.254,0.317,0.34,0.295933476,0.416247536,0.010706,0.00129,1.504077397,0.068366075,0.10970266
"fork","spoon",0.441,0.614,4.65871,0.546,0.438,0.48,0.29261561,0.432465612,0.017147,0.00205,2.48490665,0.607531957,0.34983292
"fox","rabbit",0.013,0.011,0.87547,0.32,0.605,0.64,0.440417311,0.668075466,0.013611,0.00115,2.48490665,0.238266593,1.125
"frog","rabbit",0.014,0,0.33647,0.217,0.155,0.28,0.352365993,0.577981388,0.000453,0.000019,1.098612289,0.043290321,0.023809524
"frog","toad",0.263,0.828,4.69227,0.724,0.88,0.87,0.429736165,0.404182842,0.126388,0.071457,3.583518938,209681401,2.057633438
"garage","house",0.052,0,1.64866,0.162,0.307,0.35,0.503172955,0.7001032,0.041333,0.022963,2.197224577,0.128267307,0.253836657
"gate","house",0.013,0,0.26237,0.112,0.285,0.36,0.575388221,0.714041633,0.004455,0.012911,1.637608789,0.101854517,0.101549755
"gloves","scarf",0.02,0,0.69315,0.443,0.395,0.44,0.316120719,0.243967005,0.005444,0.001952,1.974081026,0.105568672,0.258758503
"goat","sheep",0.111,0.047,2.76001,0.47,0.383,0.46,0.135545268,0.367934556,0.032322,0.015998,2.48490665,0.266196071,1.352362473
"gown","pajamas",0.025,0.013,1.335,0.055,0.301,0.33,0.233136194,0.217492378,0.000133,0.000452,1.974081026,0.083530779,0.087222222
"grape","orange",0.027,0,1.76293,0.429,0.16,0.19,0.289289527,0.285822897,0.000276,0.004835,2.197224577,0.173840191,0.132281145
"grape","prune",0.014,0.043,1.74047,0.434,0.034,0.05,0.043948473,0.039335197,0.000141,0.000008,0.875468737,0.045188277,0.041666667
"grape","vine",0.219,0.605,4.41159,0.286,0.161,0.17,0.105382602,0.15800178,0.000957,0.000294,2.890371758,0.445774765,1.026343517
"gun","pistol",0.06,0.774,4.42365,0.802,0.537,0.62,0.364172462,0.464226597,0.023868,0.026021,1.280933845,0.081995979,1.079824561
"gun","rifle",0.06,0.545,4.10265,0.758,0.616,0.66,0.445659181,0.548034143,0.056012,0.060828,0.639079959,0.051590114,0.257246377
"hammer","pistol",0.011,0,0.09531,0.06,0.129,0.2,0.089482771,0.356848856,0.000025,0.000025,1.280933845,0.075239142,0.104464286
"hare","rabbit",0.732,0.028,4.33074,0.425,0.333,0.41,0.216522281,0.473767151,0.000069,0.000078,3.583518938,209681401,2.45984127
"hare","tortoise",0.046,0.075,2.49321,0.065,0.367,0.37,0.162605717,0.379236783,0.000776,0.000008,1.185623666,0.071388045,0.019062463
"hare","turtle",0.02,0.014,1.22378,0.121,0.138,0.19,0.118620215,0.373359687,0.000582,0.000105,0.750305594,0.04713175,0.004478114
"harp","violin",0.036,0,2.03643,0.707,0.451,0.49,0.353419764,0.417290244,0.022484,0.008986,1.974081026,0.157524967,0.087505529
"hatchet","knife",0.087,0,2.16333,0.537,0.339,0.43,0.369329437,0.451864353,0.004167,0.011849,2.48490665,0.112458843,1.085915493
"hoe","rake",0.174,0.047,3.09558,0.429,0.27,0.28,0.149151571,0.215672394,0.000767,0.001695,2.48490665,0.083551441,1.446212121
"hoe","shovel",0.062,0.042,2.34181,0.674,0.263,0.36,0.210142981,0.304698667,0.000229,0.000081,2.197224577,0.090603376,0.252083333
"hook","worm",0.019,0,0.64186,0.075,0.32,0.36,0.340871119,0.523456764,0.001046,0.00107,0.750305594,0.046243077,0
"horse","pony",0.109,0.752,4.45551,0.586,0.702,0.79,0.504821768,0.637294621,0.052051,0.086444,2.890371758,0.314260055,1.108654971
"house","hut",0.012,0.152,2.79728,0.329,0.2,0.24,0.511039462,0.670414785,0.000483,0.001966,1.974081026,0.093597768,0.02594639
"hut","shack",0.091,0.129,3.09105,0.442,0.182,0.24,0.271143065,0.351839956,0.000019,0.000008,3.583518938,209681401,2.447530864
"jacket","pants",0.032,0,1.16315,0.266,0.58,0.63,0.516464785,0.517199234,0.012171,0.00779,0.875468737,0.044852858,0.086080586
"jacket","shirt",0.013,0.019,1.16315,0.38,0.658,0.72,0.647893559,0.657851455,0.039023,0.024042,1.974081026,0.139484187,0.081400581
"jacket","sweater",0.096,0.041,2.6174,0.305,0.518,0.56,0.520707667,0.482895189,0.004371,0.007227,1.504077397,0.084423938,0.047619048
"jacket","tie",0.032,0.014,1.52606,0.164,0.399,0.46,0.382532917,0.287448335,0.005558,0.004059,0.587786665,0.047308903,0.000732601
"jeep","truck",0.158,0,2.76001,0.37,0.245,0.29,0.206003606,0.514436086,0.001792,0.000089,2.197224577,0.175791768,0.115338048
"kettle","pot",0.234,0.029,3.26957,0.275,0.43,0.5,0.487437312,0.599147495,0.050551,0.030615,2.48490665,0.08822216,1.479166667
"kettle","stove",0.032,0,1.16315,0.266,0.45,0.51,0.419216802,0.534232034,0.001725,0.022787,0.810930216,0.044832937,0.1
"kettle","whistle",0.032,0,1.16315,0.127,0.281,0.29,0.227097641,0.409811511,0.000323,0.003469,1.504077397,0.055121735,0.012987013
"knife","pen",0.013,0,0.26237,0.021,0.115,0.17,0.317702666,0.502890346,0.000035,0.00001,1.504077397,0.070315216,0.171069211
"knife","spoon",0.051,0.055,3.6046,0.162,0.298,0.37,0.334558869,0.529037293,0.006156,0.000213,1.637608789,0.070315216,0.065138647
"knife","sword",0.051,0.301,3.56105,0.679,0.237,0.23,0.367263298,0.520433425,0.000072,0.000011,2.48490665,0.173712208,1.231196269
"lamb","sheep",0.333,0.162,3.90198,0.743,0.54,0.53,0.208440873,0.360541246,0.273417,0.129212,1.018569581,0.087846895,0.837359944
"lamb","tiger",0.016,0,0.47001,0.122,0.171,0.22,0.167800013,0.354651709,0.000039,0.000017,2.197224577,0.056499099,0.138888889
"lamp","table",0.019,0,0.64186,0.031,0.178,0.2,0.336104313,0.606665959,0.004081,0.006712,2.48490665,0.172676435,1.12052043
"lemon","lime",0.429,0.573,4.60717,0.493,0.28,0.33,0.105813987,0.199510087,0.000069,0.000708,2.48490665,0.293398339,2.262950938
"lemon","orange",0.09,0.02,2.3979,0.456,0.311,0.37,0.378714552,0.366061203,0.001176,0.002857,2.48490665,0.411945372,2.290573788
"leopard","lion",0.034,0,1.61443,0.335,0.507,0.56,0.290161383,0.499150416,0.003996,0.108503,2.48490665,0.243741165,1.882034632
"leopard","panther",0.027,0.03,1.74047,0.387,0.35,0.35,0.120431357,0.253820067,0.000467,0.002296,2.48490665,0.180192135,2.07972583
"leopard","tiger",0.15,0,2.70805,0.285,0.481,0.5,0.233187084,0.467614249,0.013439,0.033801,2.48490665,0.197467519,2.256277056
"lettuce","rabbit",0.028,0,1.02962,0.099,0.165,0.11,0.24030832,0.283688008,0.001459,0.001726,1.386294361,0.080388551,0.018632269
"lettuce","tomato",0.292,0.056,3.54962,0.372,0.472,0.52,0.288599249,0.274140442,0.012711,0.013498,2.48490665,0.088892976,1.044680851
"lime","stone",0.028,0,1.02962,0.023,0.18,0.23,0.165861918,0.195651959,0.002012,0.004045,1.280933845,0.058445252,0.064007421
"lion","tiger",0.362,0.308,4.2047,0.607,0.58,0.68,0.271347659,0.597041547,0.01254,0.090704,2.48490665,0.287053299,1.895634921
"lobster","shrimp",0.038,0.084,2.50144,0.514,0.43,0.48,0.096250414,0.140878806,0.000325,0.000519,2.48490665,0.260171049,1.925897703
"marble","rock",0.034,0,1.31553,0.144,0.261,0.36,0.299300146,0.421650694,0.008964,0.01116,2.890371758,0.407775383,1.114816195
"marble","stone",0.083,0,2.11626,0.308,0.442,0.46,0.39815801,0.479161609,0.040012,0.072007,2.890371758,0.407775383,1.114816195
"marble","table",0.048,0,1.56862,0.133,0.106,0.15,0.281006592,0.394055019,0.000822,0.006898,1.504077397,0.080924327,0.033950617
"medal","pin",0.014,0,0.33647,0.08,0.077,0.07,0.013357999,0.013875089,0.000031,0.00003,1.974081026,0.08777914,0.1
"microwave","oven",0.309,0.012,3.46886,0.394,0.289,0.26,0.31959511,0.178086049,0.010216,0.001202,2.48490665,0.1431484,1.240965909
"missile","rocket",0.123,0,2.5096,0.274,0.384,0.4,0.31273716,0.198052085,0.000917,0.000015,2.890371758,7.674329545,1.825382653
"mouse","rat",0.087,0.318,3.7013,0.578,0.406,0.54,0.34716111,0.553768913,0.064496,0.000073,2.48490665,0.291576044,1.232227115
"napkin","plate",0.034,0,1.22378,0.13,0.443,0.47,0.355703104,0.406113803,0.016558,0.012191,1.098612289,0.055716306,0.048402256
"napkin","table",0.034,0,1.22378,0.032,0.575,0.63,0.219729111,0.311405388,0.049232,0.135877,1.185623666,0.063113737,0.096491228
"necklace","pearl",0.091,0.272,3.59182,0.048,0.14,0.18,0.146376885,0.17582732,0.014186,0.00021,2.197224577,0.21409438,0.140151515
"nightgown","pajamas",0.139,0.16,3.39786,0.401,0.21,0.22,0.185391629,0.226483651,0.000181,0.000698,2.48490665,0.320894476,0.975925926
"nightgown","robe",0.021,0.016,1.30834,0.412,0.128,0.13,0.231372393,0.257323565,0.000122,0.000177,1.974081026,0.085806932,0.051851852
"nightgown","shirt",0.014,0,0.69963,0.151,0.106,0.1,0.237634327,0.26045881,0.000141,0.000061,1.974081026,0.091785518,0.051951952
"oak","pine",0.013,0,3.3113,0.44,0.765,0.82,0.72039276,0.63238307,0.019508,0.024654,2.48490665,0.149603129,1.236073232
"octopus","squid",0.122,0.276,3.68387,0.675,0.447,0.56,0.302366507,0.362855928,0.000243,0.000522,2.48490665,0.094172276,1.234188034
"olive","pickle",0.014,0,0.33647,0.359,0.101,0.2,0.090488406,0.133017828,0.000108,0.000012,2.48490665,0.410788272,0.208694084
"otter","seal",0.107,0.042,2.70136,0.592,0.342,0.39,0.204706273,0.256795804,0.000719,0.001724,2.48490665,0.212679737,1.1
"oven","stove",0.224,0.279,3.91801,0.676,0.517,0.57,0.520199144,0.656950686,0.022846,0.007763,2.48490665,0.375398664,1.753673469
"pajamas","robe",0.013,0.047,1.79176,0.252,0.186,0.18,0.304223401,0.282698955,0.00019,0.000124,1.974081026,0.092145486,0.069191919
"pan","pot",0.351,0.286,4.15419,0.813,0.536,0.61,0.549587192,0.651862225,0.018726,0.004983,2.48490665,0.086229151,1.081638756
"pan","skillet",0.027,0.48,3.92593,0.844,0.498,0.55,0.154551672,0.206723804,0.003278,0.001051,2.890371758,0.6005978,1.26531339
"pan","stove",0.041,0,1.41099,0.444,0.424,0.51,0.434229445,0.55640339,0.052315,0.005729,0.944461609,0.065217336,0.180858189
"panther","tiger",0.096,0,2.26177,0.447,0.386,0.43,0.118473073,0.323278462,0.011402,0.02398,2.48490665,0.202815378,2.042857143
"pants","shirt",0.185,0.269,3.81551,0.409,0.749,0.78,0.558304516,0.548780679,0.057611,0.034575,2.48490665,0.180327066,1.049882875
"pants","shoes",0.022,0,0.78846,0.087,0.682,0.75,0.484117522,0.54073235,0.009677,0.012469,1.791759469,0.141382904,0.057006675
"pants","skirt",0.038,0.071,2.38877,0.39,0.565,0.58,0.342828271,0.337699743,0.000976,0.004939,1.791759469,0.104884605,1.318952535
"peach","pear",0.072,0.048,2.48491,0.625,0.169,0.21,0.282702193,0.34920941,0.004701,0.00194,2.48490665,0.132544029,1.380735931
"peach","pie",0.041,0,1.41099,0.177,0.194,0.3,0.171707134,0.257269889,0.004963,0.013809,0.587786665,0.040331735,0.009090909
"peach","plum",0.031,0.055,2.15176,0.731,0.171,0.22,0.288113496,0.271283026,0.004814,0.000568,2.48490665,0.148506047,2.339025725
"pear","plum",0.034,0.087,2.49321,0.545,0.165,0.19,0.221376183,0.249550241,0.002632,0.000244,2.48490665,0.159649311,1.419000348
"pelican","pier",0.02,0,0.69315,0.043,0.038,0.11,0.022141304,0.14266557,0.000068,0.00005,0.810930216,0.044628383,0
"pelican","seagull",0.071,0,2.69118,0.736,0.342,0.39,0.098948986,0.103634421,0.001813,0.001701,1.791759469,0.180067395,0.050555556
"pen","pencil",0.594,0.476,4.67283,0.124,0.36,0.42,0.474647604,0.575635245,0.048435,0.045114,2.48490665,0.471260331,1.266540638
"penguin","seal",0.013,0.014,0.99325,0.255,0.117,0.14,0.12737415,0.278045052,0.000219,0.000096,1.185623666,0.075817096,0.055064534
"pickle","prune",0.014,0,0.33647,0.094,0.071,0.09,0.014548643,0.00534,0.000023,0.000025,0.944461609,0.054949271,0.067460317
"pie","pumpkin",0.027,0.35,3.62966,0.084,0.454,0.49,0.296129279,0.257217308,0.01521,0.009805,0.810930216,0.039517575,0.007575758
"pigeon","robin",0.02,0,3.04121,0.416,0.27,0.33,0.16563511,0.098704467,0.000266,0.000067,1.504077397,0.096985519,0.066574546
"pin","stick",0.111,0.061,2.84491,0.065,0.245,0.35,0.309610475,0.431807174,0.000834,0.000043,3.583518938,209681401,3
"pistol","rifle",0.021,0.014,3.22798,0.704,0.391,0.44,0.226594846,0.343440097,0.024746,0.037622,2.48490665,0.282393304,1.152434869
"pistol","whip",0.015,0,0.40547,0.058,0.262,0.31,0.157399013,0.309147952,0.000244,0.000046,1.791759469,0.137102668,0.057772739
"plate","saucer",0.03,0.067,2.27213,0.517,0.114,0.09,0.213916698,0.387915106,0.000018,0.000008,2.48490665,0.320037179,1.04942602
"plate","spoon",0.024,0,1.80274,0.119,0.343,0.39,0.373425023,0.472279221,0.003821,0.000659,2.48490665,0.098015127,1.333333333
"pliers","screwdriver",0.014,0,1.6169,0.495,0.468,0.56,0.03767388,0.052155949,0.001087,0.001221,2.48490665,0.092000558,0.573633157
"pliers","wrench",0.068,0.039,2.37025,0.651,0.552,0.63,0.129462865,0.117215976,0.004005,0.002147,2.48490665,0.111139549,1.631614872
"plum","prune",0.039,0.053,2.21921,0.644,0.099,0.18,0.01549056,0.093776307,0.000184,0.000049,2.197224577,0.100859739,0.631216931
"pot","stove",0.079,0,2.06687,0.477,0.464,0.53,0.494865514,0.577726214,0.02071,0.026431,1.098612289,0.067705371,0.119963001
"potato","tomato",0.034,0.062,2.26177,0.166,0.538,0.61,0.371299375,0.374180216,0.013783,0.010316,2.48490665,0.345644537,0.914814815
"raccoon","skunk",0.021,0,0.74194,0.496,0.462,0.5,0.13139111,0.355038787,0.021856,0.004396,1.974081026,0.09945038,0.384933519
"raccoon","squirrel",0.07,0,1.94591,0.321,0.459,0.55,0.271374681,0.47285119,0.000496,0.001351,2.48490665,0.115824781,1.125
"radio","stereo",0.203,0.125,3.49043,0.403,0.161,0.17,0.233810042,0.34654342,0.000154,0.000057,1.637608789,0.151565869,0.481985412
"radish","tomato",0.014,0,0.69252,0.417,0.224,0.33,0.234584803,0.22154824,0.000064,0.000503,1.974081026,0.092216744,0.145555556
"radish","turnip",0.027,0,1.3873,0.417,0.147,0.15,0.107024604,0.129773792,0.000081,0.000043,2.48490665,0.243745291,0.868548155
"rake","shovel",0.088,0.035,2.5096,0.419,0.148,0.24,0.152818618,0.283879733,0.000143,0.000091,2.197224577,0.099190557,0.226720779
"raspberry","strawberry",0.135,0.035,2.83322,0.849,0.209,0.29,0.140550983,0.15460338,0.000025,0.000123,2.48490665,0.1717751,0.698593074
"rock","stone",0.269,0.629,4.49759,0.723,0.135,0.15,0.415493538,0.623689553,0.013496,0.002673,3.583518938,209681401,3.613698901
"rocket","ship",0.139,0,2.63189,0.133,0.072,0.11,0.316399995,0.59296532,0.000334,0.00899,1.018569581,0.078215103,0.003620333
"rope","tie",0.111,0,2.40695,0.111,0.422,0.48,0.465494031,0.26997741,0.052654,0.028573,2.197224577,0.185388309,0.183042701
"ruler","stick",0.037,0,1.30834,0.234,0.124,0.15,0.275894853,0.382330119,0.000169,0.00032,1.504077397,0.089003327,0.13667739
"salmon","tuna",0.024,0,3.4058,0.709,0.654,0.71,0.437271346,0.328995335,0.002228,0.007059,1.791759469,0.078116625,0.719594017
"scarf","tie",0.04,0,1.3863,0.307,0.206,0.3,0.275717229,0.196077298,0.000384,0.007655,2.197224577,0.126111794,0.231600107
"screwdriver","wrench",0.049,0.087,2.61007,0.589,0.628,0.68,0.111734423,0.179362706,0.005609,0.005245,2.48490665,0.10463192,1.191747501
"seal","walrus",0.028,0.138,2.80941,0.544,0.334,0.37,0.229586392,0.372594233,0.017702,0.007414,2.48490665,0.446038194,1.064604377
"shack","shed",0.027,0.02,1.54757,0.492,0.323,0.34,0.245585714,0.244014713,0.000577,0.001226,1.791759469,0.076340478,0.066666667
"shell","turtle",0.014,0.179,2.96011,0.044,0.3,0.34,0.310464976,0.412774886,0.012351,0.02227,0.875468737,0.052619694,1.021241637
"shield","sword",0.095,0.032,2.5416,0.228,0.551,0.55,0.298107788,0.353761432,0.036907,0.041905,1.280933845,0.060006156,0.037626263
"shirt","skirt",0.026,0.083,2.38877,0.31,0.505,0.53,0.37330295,0.431952886,0.000881,0.004595,1.791759469,0.085274952,1.101810902
"shirt","sweater",0.013,0.128,2.64618,0.489,0.556,0.59,0.51458052,0.494016413,0.007843,0.010103,2.48490665,0.121642422,1.118379282
"shirt","tie",0.103,0.074,2.87357,0.23,0.428,0.48,0.411021885,0.320760126,0.009538,0.007781,2.197224577,0.129585529,0.211283503
"shovel","spade",0.021,0.155,2.8679,0.519,0.214,0.24,0.13421746,0.263587074,0.005575,0.004384,2.48490665,1.268299404,0.508214286
"shovel","spoon",0.014,0,0.33647,0.143,0.079,0.11,0.141584488,0.357736081,0.000023,0.000038,2.48490665,0.08382421,1.4375
"sink","stove",0.014,0,0.33647,0.126,0.381,0.42,0.410211263,0.528371866,0.001813,0.010065,1.504077397,0.055628992,0.083068783
"spatula","spoon",0.048,0,1.56862,0.395,0.249,0.3,0.173125565,0.141621796,0.000044,0.000065,1.637608789,0.062516674,0.075731967
"stick","stone",0.078,0,2.05413,0.095,0.242,0.27,0.437780315,0.474283445,0.000497,0.001443,1.098612289,0.064039525,0.081845238
"submarine","subway",0.013,0,0.37673,0.094,0.031,0.06,0.014805745,0.323944549,0.000019,0.000018,1.018569581,0.056225425,0.030494505
"subway","train",0.163,0,2.79117,0.341,0.489,0.48,0.408094764,0.537120627,0.110494,0.150214,0.750305594,0.051147903,0.095772059
"sweater","vest",0.02,0.021,1.41099,0.21,0.356,0.44,0.339303255,0.27538705,0.00087,0.001795,2.48490665,0.098764908,1.059565581
"tortoise","turtle",0.493,0.055,4.00369,0.808,0.193,0.26,0.197291356,0.354480062,0.000217,0.022066,2.890371758,0.655283817,1.216980487
"tractor","trailer",0.326,0.034,3.58352,0.251,0.298,0.33,0.230754466,0.387468714,0.010455,0.009207,1.791759469,0.100365419,0.265059524
"tractor","truck",0.014,0,0.33647,0.394,0.37,0.43,0.309150311,0.494026246,0.137781,0.099696,2.890371758,0.402852342,1.184500028
"trailer","truck",0.054,0,1.6864,0.342,0.581,0.66,0.364037854,0.510333406,0.217628,0.193799,1.791759469,0.108035003,0.080416667
"train","whistle",0.045,0.016,1.80829,0.091,0.332,0.41,0.267740686,0.510137109,0.006613,0.009513,1.637608789,0.071610174,0.1125
"truck","van",0.068,0.214,3.33932,0.697,0.151,0.25,0.465423334,0.619637309,0.000225,0.000231,2.890371758,0.690500288,1.17595983
"trumpet","tuba",0.014,0.026,1.3863,0.756,0.185,0.29,0.049655111,0.11561164,0.000234,0.000214,2.48490665,0.231350643,0.856789639
"van","wagon",0.014,0,0.42082,0.346,0.088,0.14,0.320883724,0.559742593,0.000073,0.000015,2.890371758,1.957615189,1.304166667
"wagon","wheel",0.25,0.021,3.29954,0.009,0.158,0.16,0.270340766,0.539045719,0.000558,0.001184,2.48490665,0.157641172,1.101399847
"walrus","whale",0.02,0,0.69315,0.612,0.334,0.37,0.15409701,0.337053901,0.000048,0.001066,1.974081026,0.268437984,0.215902616
