Participant_ID,q1,q2,q3,q4,q5,q6,q7,q8,q9,q10,q11
85,2,1,5,1,2,5,1,2,3,4,1
327,6,5,3,5,5,3,6,1,3,3,6
606,4,5,4,4,4,5,3,1,1,1,4
31,4,4,6,6,6,1,2,2,3,4,4
140,6,6,5,6,5,6,6,5,6,6,6
777,5,6,4,1,4,6,5,5,5,5,6
342,6,6,6,6,,,,,,,
16,2,5,2,5,3,1,6,2,2,2,2
696,6,6,3,6,1,6,5,5,4,4,5
320,3,5,1,5,2,5,2,3,1,1,1
590,4,5,4,5,2,4,1,1,3,1,1
390,6,6,6,6,6,1,5,6,6,5,6
39,4,6,3,3,4,4,6,3,4,3,1
311,6,6,6,6,6,5,6,6,6,6,2
181,4,6,3,5,5,4,3,3,5,5,1
377,3,4,2,1,1,1,5,4,1,3,1
65,6,6,5,6,6,1,3,5,5,4,6
536,4,6,5,5,6,5,6,5,5,2,6
689,2,6,3,6,1,5,1,3,3,3,2
308,3,1,3,3,3,2,5,5,4,4,4
726,5,5,5,5,1,6,5,4,3,5,3
61,2,1,3,1,1,1,1,1,1,4,1
180,4,6,3,6,5,3,4,2,1,1,2
188,4,3,1,3,2,2,6,2,1,3,2
544,4,6,6,6,3,6,6,6,6,6,6
780,6,6,5,6,1,4,5,5,3,4,6
466,1,3,3,2,3,3,2,1,3,3,1
441,1,2,3,2,2,3,2,1,1,1,1
421,1,5,5,3,5,4,3,2,5,5,3
226,5,2,5,2,2,4,5,2,3,5,3
785,6,6,6,6,1,5,1,3,5,5,3
456,5,1,2,1,1,3,1,1,3,3,1
117,2,1,3,2,4,4,6,1,2,1,4
194,1,1,1,2,2,1,1,1,2,1,1
253,3,2,2,3,3,1,6,4,2,3,3
302,4,1,5,1,1,6,3,1,2,2,1
373,5,6,5,5,5,5,5,3,5,3,6
303,2,2,3,3,3,4,3,3,3,3,3
665,5,1,4,5,6,5,5,4,3,4,5
83,1,1,2,1,1,4,2,1,3,1,2
695,5,6,6,6,5,1,6,6,6,6,6
610,2,4,4,3,3,5,1,1,5,6,1
384,6,6,3,6,1,4,5,5,5,3,6
404,2,1,5,1,3,5,5,1,2,2,1
520,4,6,3,5,5,3,4,5,1,1,4
839,6,6,3,6,6,6,6,6,6,6,6
809,6,5,6,6,1,1,5,5,5,6,5
89,3,3,2,3,4,4,3,1,3,2,2
367,6,6,6,6,6,6,2,3,5,2,5
195,1,4,3,4,1,4,2,1,4,4,2
265,3,3,2,1,3,1,5,1,3,2,3
22,3,2,1,1,4,3,4,1,1,1,1
445,2,3,5,1,3,6,3,1,3,3,1
280,6,6,6,6,6,6,3,3,2,3,4
20,6,6,6,6,5,5,1,2,1,2,4
132,2,2,2,3,3,5,2,3,5,2,2
50,5,1,5,1,1,5,1,1,3,2,1
365,5,5,2,5,1,5,6,6,6,5,6
414,3,3,3,4,6,4,1,1,1,1,2
745,2,5,6,3,4,4,5,2,5,6,2
636,2,6,5,4,3,4,1,1,2,1,1
29,5,6,4,3,4,3,4,1,1,2,5
214,1,1,1,1,1,1,3,4,3,2,5
18,5,5,4,6,6,5,6,5,5,5,6
815,4,5,4,5,5,6,5,5,5,5,2
763,4,5,3,5,5,5,1,2,4,3,3
659,5,5,4,5,5,5,5,4,4,2,4
241,2,3,1,3,4,5,5,4,3,6,3
347,6,6,6,6,4,6,6,6,6,5,6
406,3,1,2,3,4,4,5,4,5,5,4
746,5,6,5,6,5,6,6,6,6,6,6
825,2,5,5,5,4,5,2,5,5,5,5
508,3,3,4,3,2,4,2,2,3,2,3
830,6,5,4,5,3,2,4,4,5,3,3
778,6,5,5,6,2,5,6,6,6,6,6
829,4,5,5,6,2,2,5,5,4,5,5
24,6,6,5,6,1,6,4,6,5,3,4
387,6,6,6,6,1,6,6,6,6,6,6
576,4,6,3,3,4,4,4,3,3,3,4
489,6,6,4,6,6,3,4,4,4,4,4
529,4,4,5,6,4,6,3,4,4,2,1
2,4,4,4,4,3,3,3,6,4,3,5
788,6,6,3,6,6,5,4,5,5,3,5
417,5,1,5,1,1,5,2,1,5,5,2
686,3,3,5,3,3,5,3,2,4,4,3
346,1,6,3,6,6,5,5,5,5,4,6
428,2,4,2,3,2,5,3,1,1,2,2
332,6,6,6,6,1,6,6,6,6,6,6
682,4,1,1,4,5,4,6,2,2,2,2
47,1,1,3,1,1,3,5,1,2,2,1
212,5,4,3,4,5,4,4,2,4,4,5
430,2,1,5,2,1,3,1,1,2,2,4
21,6,6,6,6,6,6,5,6,5,6,6
87,2,3,2,3,4,3,5,1,2,1,3
471,2,3,3,5,4,3,4,4,5,4,4
394,2,2,4,1,3,5,2,1,5,4,2
759,4,4,2,2,2,3,3,3,3,4,4
789,5,5,4,5,6,2,6,5,6,6,6
356,6,6,6,6,1,6,6,6,6,6,6
88,5,4,2,3,5,4,3,1,3,2,3
764,5,5,4,4,5,4,6,4,3,6,6
92,2,1,1,1,1,1,1,1,1,1,1
190,1,1,1,1,1,1,1,1,1,1,1
721,6,6,6,5,6,5,5,5,6,5,5
90,1,1,1,1,1,2,1,1,1,1,1
234,3,4,4,4,3,4,3,3,3,2,2
199,5,5,5,3,5,3,5,5,3,3,5
203,2,5,6,6,6,3,6,4,5,6,6
67,3,5,4,4,2,3,3,2,4,5,1
824,6,6,6,6,6,6,6,6,6,6,6
19,5,3,3,3,2,4,1,1,2,2,3
110,5,6,4,4,5,3,2,5,5,5,2
752,6,5,5,6,1,6,6,5,6,4,6
330,4,4,2,4,1,5,5,4,2,1,5
761,6,6,6,6,6,6,5,5,6,6,6
144,2,4,5,5,4,2,5,3,3,4,3
737,5,6,6,6,6,6,3,6,6,6,6
344,2,3,2,2,3,4,3,4,4,5,4
447,3,6,5,3,3,5,3,2,3,2,2
232,4,4,3,4,2,4,6,4,5,2,5
155,2,2,4,2,3,4,1,1,2,4,1
805,6,6,6,6,6,6,6,6,6,6,6
323,6,6,,,,,,,,,
444,1,1,2,1,1,2,2,1,3,3,4
672,5,6,5,6,6,2,3,3,3,4,3
524,4,6,6,6,4,5,2,3,6,4,4
4,1,2,2,2,2,3,2,2,3,3,4
154,1,1,2,1,1,5,1,1,1,1,1
53,3,4,4,4,5,5,4,1,1,3,1
279,5,4,3,3,4,3,5,4,5,6,3
666,4,3,3,3,3,4,2,2,2,2,2
243,1,1,4,1,2,5,1,1,2,3,1
738,5,5,5,5,5,5,5,5,5,5,3
833,6,6,6,6,3,6,6,6,6,6,6
79,4,6,4,3,3,4,6,2,5,5,4
1,5,3,2,2,4,3,5,4,4,5,4
744,6,6,6,6,6,6,5,6,6,6,5
819,6,6,6,6,6,6,6,6,6,6,6
313,6,6,6,6,6,6,6,6,6,6,6
640,6,4,4,5,5,5,3,5,4,4,5
715,6,6,4,6,3,4,6,6,6,6,6
518,4,4,6,4,4,6,3,3,4,4,6
77,1,3,1,4,1,2,1,3,1,1,1
183,5,3,3,4,4,6,5,1,3,2,3
451,1,3,3,1,3,3,6,2,2,2,2
6,2,1,2,2,2,1,1,1,1,2,3
717,2,1,2,2,5,2,1,1,1,1,1
621,5,5,6,6,2,6,4,6,6,5,4
114,3,1,3,1,1,2,1,1,4,2,1
718,4,6,5,6,6,5,4,5,6,6,6
601,3,5,5,1,3,3,3,1,2,2,1
800,5,6,6,6,6,6,5,6,5,5,5
704,4,5,5,5,5,4,2,4,4,6,3
138,4,3,4,2,3,3,1,1,1,2,2
219,2,2,4,1,5,4,5,1,3,4,1
148,2,3,3,5,3,4,4,1,2,2,1
35,1,3,3,3,3,4,3,3,3,1,3
179,1,1,2,1,1,2,1,1,1,2,1
189,3,4,4,4,5,4,6,5,4,3,4
242,5,2,3,2,2,2,5,2,3,3,1
172,1,2,3,1,1,2,4,1,1,1,1
233,4,2,1,1,2,3,3,1,1,1,1
361,6,6,6,6,6,5,6,6,6,6,6
735,5,5,3,5,5,4,5,3,2,3,3
820,6,6,4,6,6,5,4,4,4,6,5
40,5,5,3,4,5,5,5,2,3,4,4
741,4,4,3,4,1,6,1,3,1,2,1
388,6,6,6,6,6,6,4,6,6,6,6
192,3,1,3,1,1,4,2,1,4,4,1
225,2,2,5,2,2,4,1,1,5,3,2
669,6,6,4,5,4,5,6,6,5,6,6
748,2,3,1,3,3,2,1,1,1,1,1
363,4,3,1,4,4,4,3,3,3,3,2
215,4,4,4,6,6,3,4,4,6,4,4
757,6,6,4,6,3,6,6,6,6,6,6
260,2,2,3,1,1,4,2,1,2,2,1
402,3,4,3,2,4,3,1,1,4,4,4
607,5,6,6,6,6,6,5,5,3,4,5
355,4,5,3,4,3,4,3,3,4,3,2
141,4,4,4,5,2,4,2,5,5,5,4
298,4,3,3,6,2,5,2,2,2,2,2
837,6,6,6,6,6,6,5,6,6,6,6
262,3,2,2,2,3,3,5,3,3,4,3
26,4,2,3,2,2,6,1,1,3,2,2
286,4,6,4,3,5,5,2,2,3,2,2
714,5,5,2,3,5,2,4,3,2,4,5
331,2,4,1,3,1,2,2,2,3,2,1
494,2,5,3,3,4,4,1,1,4,4,1
177,4,5,4,3,4,2,5,5,5,5,5
496,5,6,3,4,3,5,2,2,1,3,3
382,4,5,3,4,4,6,2,2,2,1,5
33,6,6,6,6,4,5,5,5,6,6,6
345,4,3,2,3,5,3,5,4,2,2,3
694,6,6,4,6,6,5,6,6,5,6,6
423,2,3,4,2,1,4,2,2,5,4,1
542,2,6,4,3,5,5,4,2,3,4,4
649,3,6,3,3,5,6,4,3,3,4,3
289,2,2,2,1,1,2,4,2,2,2,2
770,5,5,5,5,5,5,5,5,5,6,6
563,4,4,5,5,5,6,3,3,4,4,3
395,3,4,4,5,3,2,1,1,3,1,3
677,6,6,4,5,5,5,4,4,4,5,4
566,2,4,4,4,3,4,3,3,3,4,4
274,2,1,4,1,2,4,2,1,4,3,2
570,1,2,2,3,1,4,1,1,2,1,1
502,2,3,2,3,2,4,5,3,2,2,2
720,2,6,6,6,6,6,6,6,6,6,6
74,3,3,4,2,3,3,4,2,5,3,4
95,1,1,1,1,2,4,1,1,1,2,1
131,4,6,4,3,4,5,2,3,3,3,4
734,4,5,5,6,5,5,6,6,6,6,6
99,2,1,2,2,3,5,2,2,3,3,2
228,1,1,3,1,1,4,1,1,1,1,1
514,4,5,3,3,5,3,6,3,5,5,5
769,6,6,6,6,6,5,2,6,6,6,5
462,3,2,3,2,5,4,2,2,2,3,2
383,5,4,1,5,4,4,2,4,4,4,5
655,2,3,2,4,2,3,4,4,2,4,4
620,3,5,3,4,4,5,4,2,2,3,4
208,5,5,5,4,3,2,5,5,4,4,5
277,5,5,3,5,5,3,6,4,3,5,3
273,1,1,1,2,1,2,4,1,1,1,1
678,3,1,1,4,2,2,2,1,2,1,2
605,5,6,4,6,5,2,5,5,4,6,6
767,4,4,2,5,4,5,2,4,3,2,2
166,1,1,1,1,1,1,1,1,1,1,1
822,5,6,4,6,5,5,4,6,3,5,5
766,5,5,2,5,5,4,5,4,3,2,2
801,6,6,5,6,5,5,5,5,5,5,5
122,2,2,4,2,2,4,5,2,1,1,1
812,4,5,6,6,3,6,6,6,6,6,6
470,4,5,3,4,4,4,1,1,2,2,1
25,2,1,3,1,1,5,1,1,3,2,1
818,5,6,6,6,2,5,6,6,5,5,5
162,2,2,4,3,3,5,3,3,2,3,2
64,1,1,1,1,1,1,2,2,1,1,1
82,1,1,3,1,1,3,1,1,1,1,1
283,6,6,6,6,6,5,5,3,5,5,6
604,6,5,6,6,5,5,2,6,6,6,6
306,3,2,2,3,2,2,6,2,2,1,2
197,2,1,2,2,1,4,2,1,1,1,1
263,2,1,4,1,1,3,1,1,3,3,1
516,4,6,5,4,5,4,2,1,1,2,3
7,4,6,2,3,4,5,3,3,2,3,3
723,4,5,2,3,4,3,3,3,3,3,4
814,6,6,5,6,6,5,1,4,4,3,3
436,2,3,2,2,4,2,1,1,1,2,1
597,5,6,4,5,4,4,5,4,4,4,3
547,4,2,3,5,4,3,3,2,2,3,2
485,3,5,3,4,2,4,2,3,4,2,3
552,1,2,2,3,1,4,3,1,3,2,2
623,2,5,2,2,2,5,5,4,3,3,2
635,2,4,3,3,5,5,1,1,2,2,3
238,4,3,2,3,4,4,4,3,2,1,3
105,1,1,2,2,2,2,2,1,3,2,2
137,4,6,3,3,5,4,3,2,5,5,4
281,1,1,1,1,1,6,1,1,1,1,1
645,4,5,3,5,3,5,5,3,4,4,2
56,1,1,1,1,1,1,1,2,1,2,1
300,5,4,3,5,3,2,3,1,2,2,1
416,4,5,3,3,4,3,1,1,3,3,2
463,1,1,1,1,1,6,1,1,1,2,1
739,5,4,4,4,3,3,5,5,4,4,4
284,2,3,,2,5,3,2,1,1,2,1
831,5,5,5,6,5,5,5,6,6,5,3
49,1,1,1,2,1,5,2,2,2,1,1
729,6,6,5,6,6,5,3,6,4,6,6
13,5,3,4,2,2,4,3,1,1,1,1
176,4,1,2,3,3,2,1,2,3,2,2
270,5,2,4,4,2,5,2,2,3,3,3
702,4,6,4,4,6,4,5,4,4,4,5
101,3,1,3,1,2,3,4,1,1,1,1
149,1,1,2,1,1,2,4,1,1,1,1
405,2,3,4,3,4,5,4,1,3,3,2
588,3,3,5,4,3,2,5,2,2,4,3
449,6,4,2,5,5,4,6,4,,3,3
94,2,2,2,1,,3,3,2,1,2,1
619,1,2,2,1,,6,1,1,1,1,1
290,4,1,3,1,3,3,1,1,1,1,1
808,6,6,5,6,6,5,5,5,5,5,3
392,4,4,4,2,3,3,4,5,5,4,3
358,4,4,5,4,2,5,5,4,4,3,5
679,5,5,3,4,5,4,4,4,4,3,4
133,5,6,4,5,4,5,5,4,4,3,2
556,4,4,2,4,4,2,4,1,2,2,1
213,2,2,1,1,2,1,6,2,2,2,3
811,4,5,4,5,3,5,4,4,4,4,4
252,1,1,1,2,3,2,1,1,1,1,2
350,5,5,2,5,4,4,4,3,4,4,4
220,2,2,2,1,2,2,4,1,2,2,2
500,3,4,3,4,6,5,4,4,4,4,4
774,6,6,5,6,5,5,5,5,6,5,5
369,5,4,6,6,4,6,4,6,6,6,5
427,1,1,1,1,4,2,2,1,1,1,1
152,3,4,5,5,4,3,2,2,3,4,1
468,2,3,5,2,3,3,4,3,3,2,4
116,1,2,1,3,1,1,2,1,1,2,1
826,4,6,2,6,4,5,4,6,5,5,5
526,2,1,2,2,2,4,2,1,1,1,1
467,4,4,5,4,2,5,1,3,3,2,2
806,6,6,6,6,6,6,4,6,5,6,6
527,5,4,1,4,3,4,5,1,2,2,4
333,4,3,3,3,4,5,4,2,2,2,2
81,1,1,3,1,1,5,2,1,2,2,1
309,4,4,3,3,2,2,5,1,2,2,2
198,1,1,1,1,1,4,1,1,1,1,1
36,4,4,1,3,2,5,3,3,2,3,3
568,4,5,6,6,6,6,5,5,5,5,5
259,4,4,4,3,4,4,3,3,3,4,4
23,3,3,3,1,3,4,3,3,1,1,1
410,4,6,6,6,6,6,6,6,6,6,6
753,3,4,3,2,5,3,5,2,2,2,2
765,4,6,4,5,4,5,6,5,5,3,5
294,4,3,2,2,2,2,5,4,3,4,4
335,4,4,3,4,5,2,4,5,5,4,5
71,3,1,2,1,1,1,2,1,2,2,1
782,4,5,4,6,1,4,3,4,3,2,3
549,5,6,5,5,5,5,5,3,4,4,5
348,2,3,2,5,4,4,4,3,4,3,4
202,1,1,1,1,1,6,1,1,1,1,1
418,1,1,1,1,1,6,1,1,1,1,1
403,2,4,2,2,2,5,2,2,2,2,2
479,4,6,4,4,3,4,1,3,3,3,3
535,3,2,1,3,4,2,1,1,2,1,2
577,2,2,5,1,2,3,1,1,4,3,2
325,5,5,4,6,6,5,4,6,4,4,6
106,1,1,3,1,1,2,1,1,1,1,1
697,5,6,6,6,5,6,5,5,6,5,5
381,6,6,6,6,6,6,3,6,6,6,6
475,5,4,2,4,1,3,4,3,3,3,3
318,4,4,5,4,5,5,3,4,5,5,5
545,3,5,4,5,5,5,4,4,4,5,2
376,3,5,5,3,4,5,4,3,3,3,5
415,2,5,3,3,3,4,4,3,3,3,3
158,5,5,5,5,5,1,5,5,5,5,5
426,2,2,2,2,3,2,5,1,1,1,1
692,4,4,5,5,5,5,6,4,4,5,5
168,3,1,4,1,1,5,3,1,2,2,1
27,4,4,4,5,4,5,1,1,2,3,1
186,6,4,2,3,4,4,2,1,2,2,2
8,1,1,4,1,1,5,1,1,2,3,1
710,3,4,2,3,4,3,2,4,2,1,3
73,3,1,2,1,1,3,1,1,1,1,1
627,3,3,3,3,3,4,3,3,3,2,2
618,5,5,2,5,5,2,5,2,2,2,2
465,3,4,3,3,4,4,3,3,2,2,2
790,3,3,2,3,2,4,,2,2,1,5
397,1,3,4,1,1,5,2,1,4,4,1
598,4,6,6,5,6,5,5,3,3,4,5
501,5,6,6,6,6,6,6,5,5,6,3
161,1,3,2,2,2,3,3,3,2,3,4
733,4,6,4,6,5,2,4,6,5,6,6
472,5,6,3,5,5,4,3,4,4,5,6
771,5,6,5,6,6,5,3,6,4,3,5
579,3,4,3,4,4,4,3,4,4,3,2
276,4,4,4,4,3,2,6,5,3,4,4
104,3,4,3,3,3,4,2,2,3,2,3
389,4,4,3,5,1,4,3,5,3,2,5
438,1,1,3,1,2,4,2,1,2,4,1
459,2,3,3,3,4,4,2,2,3,2,1
827,6,6,5,6,6,5,6,6,5,4,6
292,3,1,3,1,1,3,1,1,2,1,1
129,3,3,2,3,3,4,5,4,4,2,4
57,3,2,1,2,3,1,1,1,1,1,1
513,4,5,2,4,5,4,2,4,3,4,5
142,1,2,3,2,1,4,2,2,3,3,1
147,2,4,4,3,3,2,5,4,4,4,4
648,5,4,3,3,4,4,5,2,3,3,3
469,4,3,3,4,4,5,3,2,3,4,5
174,4,,,,,,,,,,
143,2,2,5,1,1,4,2,1,3,1,1
631,4,5,2,5,5,3,3,4,3,2,3
145,6,6,6,5,6,5,5,5,6,6,6
473,1,2,2,1,2,5,1,2,2,1,2
567,5,5,4,4,4,4,5,2,3,3,2
69,4,3,2,1,3,4,2,1,3,2,1
543,4,5,3,4,5,5,5,3,3,4,3
124,4,5,4,5,5,4,5,4,5,4,4
732,5,4,4,4,4,5,3,4,4,5,5
580,1,1,1,1,1,3,5,1,2,2,1
54,2,2,1,1,1,2,2,1,1,1,1
823,4,5,4,6,4,5,5,5,4,5,6
795,6,5,3,6,5,4,5,5,5,4,6
662,4,4,4,5,2,5,3,2,3,3,2
159,3,3,2,2,3,2,4,2,1,2,2
705,3,3,2,3,3,2,5,3,3,3,4
432,6,5,6,6,6,6,4,5,6,6,5
45,1,1,1,1,1,1,1,1,1,1,1
841,5,6,4,6,6,5,3,5,5,5,5
380,6,4,3,3,3,3,3,2,3,3,3
595,2,1,1,2,3,1,5,1,1,1,2
84,1,1,3,1,1,5,1,1,4,3,2
571,3,3,1,3,3,4,1,2,2,2,3
803,5,5,4,5,5,5,5,5,5,4,5
249,6,4,2,3,4,4,2,1,2,2,3
362,3,4,2,4,2,3,3,4,4,3,3
768,5,5,3,5,4,3,3,5,5,5,2
836,6,6,6,6,6,6,5,6,6,6,6
608,2,3,3,3,3,3,2,2,3,4,1
322,6,6,3,5,5,4,5,4,3,4,3
32,5,4,5,5,4,2,5,5,5,5,5
511,4,5,4,5,6,4,5,3,3,5,4
398,3,1,3,1,1,5,1,1,1,1,1
206,5,3,4,3,3,4,6,4,4,3,5
307,5,5,3,5,5,2,6,4,4,4,4
754,5,5,2,5,4,5,3,3,3,3,3
491,1,3,2,1,3,3,2,1,1,2,1
787,4,6,4,6,3,5,4,5,5,5,5
324,4,5,3,3,5,4,2,4,3,3,2
612,2,3,2,2,2,2,2,2,2,2,2
593,2,4,2,2,2,3,3,2,3,4,3
134,4,2,2,4,4,2,3,3,2,2,2
413,2,2,2,2,2,3,4,3,5,5,4
108,4,4,3,4,1,3,3,2,2,2,1
193,3,5,5,5,5,2,5,5,5,5,5
832,6,6,5,6,6,6,4,5,5,5,6
667,5,2,3,3,3,3,2,3,3,3,3
708,4,5,4,4,2,4,3,4,3,3,5
285,3,2,2,3,2,3,3,3,4,2,4
299,3,1,1,2,2,2,1,1,1,1,1
287,4,4,3,3,3,4,4,3,1,1,1
422,2,1,3,1,1,3,1,1,3,3,1
257,4,4,2,3,4,3,3,3,2,2,1
200,4,4,3,3,4,4,4,4,3,4,2
169,2,2,2,2,2,3,3,1,2,2,2
586,5,5,4,4,5,4,5,2,2,3,3
758,5,6,6,6,6,6,4,5,5,5,4
14,4,3,4,4,3,4,5,4,3,3,3
15,6,6,4,6,6,5,3,5,5,4,6
688,4,4,4,4,4,5,5,4,2,3,3
532,3,5,3,2,2,3,2,2,2,3,1
762,4,4,4,5,4,5,1,4,3,3,3
616,5,3,3,4,4,4,1,2,2,2,4
629,5,5,4,5,4,5,3,4,4,5,4
251,5,4,2,4,3,3,5,3,3,3,5
587,2,3,3,3,2,3,4,2,3,3,2
366,3,4,2,2,1,2,3,2,2,3,1
353,3,3,2,1,1,2,3,1,1,1,1
792,6,6,5,6,6,4,6,4,4,5,5
107,4,5,3,3,3,4,3,3,4,4,4
76,1,1,3,1,1,3,1,1,1,1,1
740,4,5,5,5,6,6,5,5,5,5,5
343,3,4,3,4,3,4,2,3,2,1,1
779,5,6,5,5,3,5,5,5,5,5,5
773,3,2,2,1,2,5,2,1,3,2,2
455,2,4,3,3,3,3,5,3,3,3,3
58,1,1,2,1,2,3,1,1,1,1,1
354,5,5,5,5,5,6,5,5,5,5,5
661,4,5,5,6,5,5,4,5,5,6,6
229,3,3,2,3,1,2,1,1,2,1,2
17,3,5,2,3,3,4,2,1,2,2,4
660,4,4,3,2,3,5,2,2,2,3,2
510,3,3,3,3,1,4,1,1,1,2,1
474,2,3,4,2,2,4,1,1,1,1,1
217,1,1,1,1,1,2,1,1,1,1,1
130,2,2,3,1,1,2,2,1,1,1,1
452,1,1,1,1,1,1,1,1,1,1,1
34,2,1,2,1,2,5,5,1,2,2,2
51,1,1,3,1,1,4,1,1,1,1,1
191,3,2,4,1,3,4,2,1,3,2,2
411,5,5,4,5,5,5,3,4,4,4,4
813,6,6,5,6,6,6,4,6,5,5,6
578,3,5,4,3,4,5,4,2,3,4,4
664,4,5,5,5,5,5,5,5,4,4,4
622,4,4,2,3,3,3,5,5,4,3,4
840,6,6,5,5,4,5,5,5,5,5,5
407,1,3,1,1,1,3,1,1,1,1,1
639,3,3,3,3,2,5,3,4,4,3,4
439,2,3,3,3,1,3,1,1,2,1,1
42,3,1,4,2,2,3,1,1,1,1,1
182,4,5,3,3,4,3,5,4,4,3,4
592,2,3,1,2,2,2,3,2,2,2,3
505,1,1,3,1,1,5,1,1,1,1,1
783,3,3,5,3,4,3,4,4,3,3,5
120,2,2,1,1,1,5,2,2,2,2,2
184,2,2,3,2,3,3,2,1,2,2,2
28,4,4,2,2,2,5,3,2,2,2,2
338,3,1,1,2,3,2,5,1,1,1,1
727,3,4,3,4,3,3,3,4,4,3,3
647,4,4,4,3,5,4,3,1,2,2,3
634,3,5,3,3,5,4,3,2,2,3,3
703,2,2,2,2,2,3,2,1,1,1,1
626,2,2,2,1,2,3,1,3,2,2,1
275,4,1,2,1,1,3,1,1,1,1,1
775,5,6,5,5,6,5,5,,5,5,4
60,3,5,2,3,4,3,4,4,2,2,2
564,3,4,5,4,4,2,4,4,5,5,5
163,3,3,2,2,3,4,4,1,2,2,2
424,1,1,4,1,1,3,2,1,2,2,2
572,4,5,5,4,3,4,4,3,3,4,4
624,3,2,2,2,2,2,2,1,2,2,3
834,6,5,6,5,5,5,6,6,6,6,6
786,5,5,2,5,5,5,5,5,5,5,5
828,5,5,3,5,5,5,3,3,3,3,2
784,5,6,4,5,5,3,5,5,5,4,5
560,2,3,4,2,1,3,4,3,3,2,1
91,1,1,3,1,,4,2,1,3,2,2
127,2,2,3,3,1,4,3,1,3,3,2
484,4,3,2,2,1,2,3,1,1,1,2
584,2,2,3,2,3,3,3,2,3,3,3
596,4,4,4,5,4,3,4,5,4,5,4
691,3,3,2,3,3,4,3,3,3,2,2
408,2,2,4,2,2,4,2,2,2,2,2
835,6,6,6,6,6,6,4,6,6,6,6
641,6,5,5,5,6,4,4,5,6,6,4
481,1,1,3,1,1,2,1,1,1,1,1
205,2,3,3,3,4,4,2,2,3,3,4
374,4,3,3,4,1,5,4,4,4,3,3
781,3,4,3,4,4,2,5,5,5,5,5
674,4,4,3,5,6,4,6,6,5,5,5
239,5,4,3,3,3,4,1,1,1,1,1
68,2,3,2,2,3,3,3,2,2,2,2
196,1,1,2,1,1,3,1,1,1,1,1
772,3,5,3,3,4,4,4,2,2,3,3
724,3,5,3,5,5,4,4,4,3,2,4
716,4,5,4,5,5,4,2,5,4,3,3
480,3,5,4,5,4,5,5,4,5,5,5
216,4,4,4,4,5,5,6,5,5,5,6
153,3,1,2,2,1,2,4,1,2,1,2
304,4,3,3,4,3,3,4,5,5,4,3
534,5,5,5,5,5,5,6,3,5,5,5
457,1,2,3,2,2,5,1,2,2,2,2
264,3,3,3,2,3,4,1,1,1,2,2
487,3,2,4,4,3,4,4,4,3,3,4
548,3,4,2,3,3,3,2,1,2,2,2
797,5,5,6,6,5,6,6,6,6,6,6
490,1,2,3,1,2,5,3,1,3,2,2
492,2,2,2,1,1,5,2,2,2,2,1
687,3,3,3,3,3,4,5,1,1,1,2
656,2,2,2,2,3,2,1,1,1,1,1
638,4,4,4,5,4,4,3,2,3,3,2
102,1,2,1,2,2,2,2,1,1,1,1
625,2,3,3,3,3,5,1,1,2,2,1
728,3,4,3,4,4,5,1,2,2,2,1
509,3,4,3,5,4,4,5,4,4,4,5
531,5,5,4,5,5,5,4,5,5,5,5
30,3,5,4,4,2,4,3,3,3,2,3
399,2,1,3,1,1,3,1,1,2,2,1
266,2,4,2,2,2,3,2,2,2,2,2
507,2,2,2,1,1,2,3,2,1,1,1
360,4,2,3,4,3,4,4,3,3,3,3
256,5,6,5,6,5,5,4,3,4,5,5
525,4,3,3,2,3,3,1,1,1,1,1
651,5,5,4,6,5,5,4,5,5,5,5
379,5,5,5,5,2,5,5,5,5,5,5
98,1,1,3,1,1,5,1,1,2,2,1
488,1,1,2,1,1,3,1,1,2,2,1
10,1,1,4,1,1,4,2,1,3,2,1
810,5,6,6,6,6,6,5,6,5,6,5
5,4,3,4,3,4,3,4,4,4,3,4
329,3,4,2,4,4,2,2,2,2,2,2
255,2,1,3,1,1,3,3,1,2,1,1
573,3,3,3,3,3,3,2,1,,2,3
52,3,3,2,3,1,4,3,2,1,1,1
685,5,5,3,5,6,5,4,4,4,3,4
603,3,4,4,3,4,3,2,3,2,3,2
653,3,4,3,3,1,3,2,2,3,3,2
278,5,,5,3,5,5,4,3,3,4,4
794,3,5,2,4,4,2,5,3,3,3,3
328,5,6,3,5,6,4,6,5,5,5,5
540,1,1,1,1,1,2,1,1,1,1,1
245,3,3,3,2,2,5,2,1,2,1,1
658,3,4,2,3,2,3,4,4,3,3,2
712,2,4,2,3,2,4,2,2,3,3,2
429,5,3,5,4,3,5,3,3,4,4,4
731,4,4,3,4,3,4,2,3,2,3,3
9,3,3,2,1,1,4,1,1,1,1,1
506,1,1,1,1,1,1,1,1,1,1,1
802,5,5,5,6,5,5,6,6,6,6,6
725,1,1,1,1,1,1,1,1,1,1,1
554,3,4,3,3,4,4,4,2,2,2,3
609,2,3,2,2,2,3,1,1,1,2,2
115,2,1,3,1,1,4,1,1,2,2,1
698,5,5,4,5,5,5,4,5,5,5,5
798,5,5,3,5,5,5,3,4,4,4,5
643,3,3,2,3,4,4,3,2,1,1,1
341,5,4,3,4,2,5,4,4,4,4,4
630,2,2,3,2,3,5,2,1,2,1,1
546,4,5,4,4,4,3,2,4,3,4,3
736,3,3,1,3,3,5,1,1,1,1,1
722,3,3,3,4,2,5,3,3,3,3,3
675,2,3,2,3,2,2,3,2,1,2,3
673,5,5,5,5,5,5,5,5,5,5,5
553,5,4,5,5,3,5,5,5,4,5,4
207,4,5,4,4,2,4,5,4,4,4,3
221,2,2,2,1,2,4,2,1,2,2,2
425,1,1,1,1,1,3,1,1,1,1,1
55,5,5,5,5,5,2,5,5,5,5,5
378,5,5,5,5,5,2,5,5,5,5,5
412,2,1,3,1,2,4,1,1,1,1,1
295,4,5,3,3,4,5,4,3,3,3,3
340,4,4,2,3,3,3,3,3,2,2,1
314,3,4,3,2,2,4,3,2,3,3,1
684,2,2,2,2,2,2,1,2,2,2,1
743,6,6,6,6,6,6,6,6,6,6,6
44,1,1,1,1,1,1,1,1,1,1,1
230,3,2,3,2,3,4,2,1,3,3,3
112,3,3,3,4,2,5,3,1,2,2,2
747,4,5,3,4,4,4,2,3,3,3,4
151,2,1,3,1,2,4,1,1,1,2,1
644,3,3,2,3,3,4,2,3,3,3,2
103,2,1,2,2,2,2,3,2,2,2,1
375,3,3,4,3,3,2,4,4,4,4,4
504,2,3,2,2,2,3,1,1,1,1,1
401,3,3,4,2,3,5,2,2,2,3,2
254,3,2,3,3,3,4,3,3,3,3,3
113,2,3,2,3,3,4,2,1,2,1,1
569,3,4,2,2,4,4,1,1,2,2,1
680,4,4,4,5,3,5,3,4,4,4,5
223,3,1,2,1,2,3,3,1,1,2,2
550,1,3,4,2,2,4,3,2,2,2,2
227,1,2,2,2,1,2,3,1,2,2,2
364,3,3,2,3,3,3,3,3,3,2,4
431,3,2,2,2,2,2,1,1,1,1,1
742,5,5,5,5,4,5,6,6,5,5,6
530,2,2,2,3,2,5,2,2,2,2,2
334,2,3,1,3,2,2,2,2,1,1,3
448,2,3,3,2,2,5,1,1,1,1,1
816,6,6,5,6,5,5,6,6,6,6,6
75,4,2,3,2,2,3,3,3,3,2,3
700,4,3,3,4,5,5,3,2,3,3,3
359,5,4,4,4,4,4,4,4,4,4,4
637,3,3,3,3,3,3,3,2,3,3,5
713,4,3,3,3,3,4,4,3,3,3,4
575,2,3,3,3,3,4,2,1,1,1,1
671,1,2,2,1,1,3,3,1,1,1,1
760,3,3,2,2,3,5,4,3,3,3,3
498,4,4,2,3,1,3,3,2,2,2,2
538,2,1,3,1,1,3,3,2,3,3,2
420,2,2,2,2,2,2,4,2,2,2,2
310,3,2,2,3,3,5,3,3,3,3,3
119,2,1,2,2,2,2,3,1,1,2,1
517,4,3,3,2,3,5,1,1,1,1,1
562,4,5,3,5,4,4,4,4,4,3,4
160,2,4,3,3,3,4,3,3,4,3,4
450,2,3,3,2,2,4,3,2,2,3,2
370,2,2,1,2,2,2,1,1,1,1,1
70,1,1,1,1,1,1,1,1,1,1,1
495,2,2,2,2,2,3,3,1,3,3,2
236,2,1,1,1,1,1,1,1,1,1,1
135,3,4,3,2,3,4,2,2,3,2,2
269,2,1,2,2,2,2,1,1,1,1,1
709,5,5,5,5,5,5,5,5,5,5,4
650,4,4,3,4,4,4,2,2,2,2,2
244,3,3,2,2,3,2,3,1,1,1,1
315,3,4,3,3,4,3,3,1,2,2,1
78,1,1,3,1,1,4,2,1,3,3,1
368,5,4,3,5,5,4,3,4,4,4,4
352,4,3,2,3,4,2,3,3,3,3,3
668,2,3,2,2,2,3,1,1,1,2,1
681,5,6,5,6,5,5,5,6,5,5,5
291,3,2,2,2,2,2,2,1,1,1,1
100,2,1,1,1,1,1,2,1,1,1,1
478,5,5,5,5,5,4,6,5,5,5,5
561,3,4,2,2,3,3,2,1,2,1,2
11,2,2,2,3,3,4,4,3,3,2,3
599,4,4,3,4,5,3,4,4,4,3,4
652,4,4,3,3,3,4,3,3,3,2,2
316,4,3,3,3,4,4,3,3,3,3,2
751,3,3,3,4,2,5,3,4,3,3,3
551,4,4,3,4,3,5,2,2,3,3,3
433,1,3,1,1,2,2,1,1,1,1,1
231,2,3,1,2,2,1,2,1,1,1,2
676,4,5,3,5,3,4,5,4,4,3,4
272,3,2,3,2,2,3,2,2,2,2,2
654,2,3,2,3,3,3,3,2,2,2,1
248,3,1,1,1,1,3,2,1,1,1,1
755,3,4,3,4,5,3,3,4,3,4,4
339,4,4,3,4,4,5,4,4,4,3,3
699,4,4,3,4,4,4,4,3,2,4,2
633,3,4,3,4,3,5,2,3,3,3,4
261,3,3,2,2,4,5,2,1,1,1,1
211,4,4,4,4,4,2,3,3,3,3,3
719,5,6,3,5,5,5,5,4,4,4,4
293,2,3,2,2,2,2,4,1,1,1,1
43,3,4,2,3,3,1,3,2,2,2,2
486,2,2,2,2,2,4,2,2,2,2,2
613,2,2,2,2,3,3,1,1,1,2,1
555,2,3,2,2,2,3,2,2,1,1,1
615,2,3,3,3,3,4,3,4,3,4,4
453,2,4,3,2,3,3,1,1,2,2,2
175,2,1,3,1,1,4,2,1,2,2,1
96,3,3,3,2,3,5,3,2,2,2,2
690,2,2,2,1,2,3,1,1,1,2,1
807,5,6,4,5,5,5,4,3,3,3,3
258,2,2,2,2,,2,2,1,1,1,1
663,4,3,2,3,2,3,3,2,1,1,2
109,1,2,3,2,2,3,2,1,1,1,1
482,2,2,2,3,2,3,2,1,1,1,1
434,3,4,3,3,4,3,4,3,3,3,4
443,3,2,2,2,2,5,2,2,2,2,2
41,5,5,4,4,4,3,4,4,4,4,4
582,2,1,3,1,2,2,1,1,2,2,1
707,4,4,4,4,3,3,3,4,4,3,3
312,2,3,2,3,3,3,3,2,2,2,2
349,4,5,3,3,4,3,2,3,3,3,3
139,2,2,3,2,3,4,2,2,2,2,2
519,2,3,2,3,2,4,2,1,1,1,1
247,5,5,5,5,5,5,5,5,5,5,5
59,2,2,2,2,2,3,2,1,1,2,1
602,3,4,3,3,3,4,2,3,4,3,3
581,4,5,3,3,3,3,3,3,3,3,4
123,3,3,2,3,3,4,2,1,1,2,3
305,4,4,3,4,3,5,4,3,4,3,3
3,3,3,3,2,3,5,3,3,3,3,3
435,3,2,3,2,2,4,2,2,2,2,2
497,3,3,3,3,3,4,3,3,3,3,3
591,3,2,2,3,3,3,2,2,2,2,2
237,4,3,3,3,3,4,3,3,4,3,4
201,2,2,1,1,1,2,2,1,1,1,1
454,2,3,3,2,2,3,2,1,2,3,2
670,2,3,2,3,3,3,3,2,2,2,2
557,1,2,2,1,1,2,2,1,1,1,1
118,2,1,2,1,2,2,1,1,1,1,1
493,3,3,2,3,2,4,2,2,2,2,1
371,4,3,2,3,3,4,3,3,3,2,3
209,4,4,2,3,3,4,4,2,2,3,3
539,2,4,3,3,3,4,3,2,3,3,3
600,2,3,2,1,2,3,2,1,1,1,1
396,2,3,2,2,1,4,2,1,1,1,1
178,2,1,3,1,1,3,1,1,1,1,1
171,2,2,3,1,2,4,2,1,2,2,1
537,3,3,3,3,3,4,3,3,3,2,3
521,4,3,3,3,3,4,4,3,2,3,3
210,3,2,3,1,2,3,2,1,2,2,2
522,4,4,4,4,4,4,3,2,3,4,4
559,4,4,3,4,4,5,3,3,3,3,3
301,5,5,6,5,5,5,5,4,5,5,5
541,4,4,3,3,2,4,2,3,2,2,2
440,3,3,2,3,2,4,1,1,1,1,1
614,3,3,2,3,3,4,2,2,2,2,2
187,2,3,3,3,3,4,2,2,2,2,2
37,4,4,4,4,4,3,4,4,4,4,4
796,3,4,3,4,4,4,3,3,3,3,3
628,3,2,3,3,3,4,3,3,3,2,3
799,4,4,3,4,4,4,3,4,3,3,4
62,2,1,2,1,1,3,1,1,1,2,1
250,2,2,2,2,3,3,2,1,1,1,1
63,2,2,2,2,2,5,2,2,2,2,2
461,2,2,2,2,2,5,2,2,2,2,2
632,3,3,4,4,4,4,3,3,3,3,3
297,4,4,3,5,4,5,4,4,4,4,4
594,2,2,2,1,2,2,2,1,1,1,1
321,5,3,3,4,4,4,3,3,3,3,3
150,2,2,3,3,3,4,3,3,3,3,3
111,3,1,2,1,1,3,1,1,1,1,1
391,4,3,3,4,4,5,3,4,3,3,3
512,4,3,3,3,2,3,3,2,2,2,2
528,3,4,3,3,4,3,4,2,2,2,3
12,3,2,2,2,2,5,3,2,2,2,2
791,4,5,4,4,4,4,3,4,4,4,5
86,1,1,2,1,,2,2,1,2,2,1
657,3,3,3,2,3,4,3,2,2,3,2
170,4,4,4,4,4,3,4,5,5,5,5
460,2,3,2,2,3,4,2,1,1,2,2
583,4,4,3,4,4,4,4,2,3,3,4
126,4,2,2,2,2,4,3,2,2,2,2
730,3,3,3,3,3,3,2,1,2,2,2
268,3,2,2,2,2,2,2,1,1,1,1
793,5,5,5,5,5,5,5,5,5,5,5
446,2,2,3,2,2,4,2,1,3,2,2
372,2,2,2,2,2,3,1,1,1,1,1
38,2,2,3,2,2,4,3,2,2,2,2
523,2,3,3,3,3,4,2,2,3,2,2
804,3,3,3,3,3,5,2,3,3,3,3
646,5,5,3,4,4,4,3,3,3,3,3
499,3,3,3,3,3,4,3,3,2,3,3
749,4,4,3,4,2,4,3,3,3,3,3
386,2,2,2,2,2,2,2,2,2,2,2
711,3,3,3,3,3,5,2,2,2,2,2
589,4,4,4,4,4,3,4,4,4,4,4
288,2,3,3,3,3,4,3,3,3,3,3
97,3,3,3,3,3,4,3,3,3,3,3
66,4,4,4,4,4,3,4,4,4,4,4
93,4,4,4,4,4,3,4,4,4,4,4
271,4,4,4,4,4,3,4,4,4,4,4
476,4,4,4,4,4,3,4,4,4,4,4
817,3,3,3,3,3,4,3,3,3,3,2
282,3,3,3,3,3,3,3,3,3,3,3
218,3,3,3,3,3,4,3,3,3,3,3
80,3,3,3,3,3,4,3,3,3,3,3
121,3,3,3,3,3,4,3,3,3,3,3
165,3,3,3,3,3,4,3,3,3,3,3
267,3,3,3,3,3,4,3,3,3,3,3
296,3,3,3,3,3,4,3,3,3,3,3
317,3,3,3,3,,,,,,,
337,3,3,3,3,3,4,3,3,3,3,3
400,3,3,3,3,3,4,3,3,3,3,3
464,3,3,3,3,3,4,3,3,3,3,3
477,3,3,3,3,3,4,3,3,3,3,3
585,3,3,3,3,3,4,3,3,3,3,3
776,3,3,3,3,3,4,3,3,3,3,3
838,3,3,3,3,3,4,3,3,3,3,3
164,4,3,2,3,3,4,3,3,3,3,2
185,4,2,2,3,3, ,2,2,2,2,3
246,1,3,5,4,4,5,1,2,3,4,5
336,6,5, ,6,5,4,6,5,6,6,6