Participant_ID,q1,q2,q3,q4,q5,q6,q7,q8,q9,q10,q11,q12,q13,q14,q15,q16,q17,q18,q19,q20,q21,q22,q23,q24,q25,q26,q27,q28,q29,q30,q31,q32,q33,q34,q35,q36,q37,q38
1, , , , , , , , , , , , , , ,5,3,2,2,4,5,4,4,5,4,3,3,1,1,2,2,1,1,4,3,1,1,2,2
2, , , , , , , , , , , , , , ,4,4,4,4,3,3,5,4,3,5,4,2,3,3,2,3,2,3,5,2,3,4,2,4
16, , , , , , , , , , , , , , , , , , , , , , , , , , , , , ,1,2,1,4,3,2,3,3,2
20, , , , , , , , , , , , , , , , , , , , , , , , , , , , , ,4,4,4,5,3,5,4,4,5
29, , , , , , , , , , , , , , ,5,5,4,3,4,4,1,1,2,5,3,4,4,2,1,4,3,2,4,2,3,2,3,3
35, , , , , , , , , , , , , , ,1,3,3,3,3,3,3,3,1,3,3,3,1,1,1,2,2,2,2,2,2,2,1,2
48, , , , , , , , , , , , , , , , , , , , , , , , , , , , , ,3,2,1,3,3,3,3,4,3
60, , , , , , , , , , , , , , ,3,5,2,3,4,4,4,2,2,2,2,3,3,3,2,2,3,3,3,2,3,2,3,3
72, , , , , , , , , , , , , , , , , , , , , , , , ,1,1,2,1,4,2,4,3,2,2,3,3,3,3
125, , , , , , , , , , , , , , , , , , , , , , , , ,2,2,3,3,2,3,4,2,3,4,4,4,5,5
128, , , , , , , , , , , , , , , , , , , , , , , , ,2,1,1,1,1,1,1,1,1,1,2,1,1,1
136, , , , , , , , , , , , , , , , , , , , , , , , ,4,1,1,1,3,5,3,4,2,4,4,4,5,5
146, , , , , , , , , , , , , , , , , , , , , , , , ,4,4,4,4,4,4,3,2,2,3,2,2,2,2
156, , , , , , , , , , , , , , , , , , , , , , , , ,2,1,1,1,1,1,2,4,1,3,2,1,2,2
157, , , , , , , , , , , , , , , , , , , , , , , , ,4,3,4,2,1,2,2,2,1,2,3,2,2,2
167, , , , , , , , , , , , , , , , , , , , , , , , ,1,1,3,1,4,4,3,4,4,4,3,1,4,3
173, , , , , , , , , , , , , , , , , , , , , , , , ,4,4,5,1,2,4,3,2,5,4,2,2,2,2
204, , , , , , , , , , , , , , , , , , , , , , , , ,3,3,4,2,4,5,1,2,5,5,2,2,3,2
213, , , , , , , , , , , , , , , , , , , , , , , , , , , , , ,1,1,1,1,1,2,1,1,3
222, , , , , , , , , , , , , , , , , , , , , , , , , , , , , ,3,3,2,4,3,3,3,4,3
224, , , , , , , , , , , , , , , , , , , , , , , , ,1,1,2,2,2,1,3,1,1,1,3,2,2,3
228, , , , , , , , , , , , , , ,1,1,3,1,1,1,1,1,1,1,1,1,1,1,1,1,1,1,1,3,1,1,2,1
235, , , , , , , , , , , , , , , , , , , , , , , , ,3,2,5,1,1,1,2,2,1,1,2,1,1,2
246, , , , , , , , , , , , , , , , , , , , , , , , , , , , , ,1,3,2,4,4,2,1,2,2
262, , , , , , , , , , , , , , ,3,2,2,2,3,5,3,3,4,3,1,3,4,2,3,4,2,4,5,3,4,3,3,3
276, , , , , , , , , , , , , , ,4,4,4,4,3,5,5,3,4,4,3,2,3,4,3,4,4,3,4,2,3,2,3,3
280, , , , , , , , , , , , , , , , , , , , , , , , , , , , , ,5,5,5,5,5,4,4,5,3
302, , , , , , , , , , , , , , , , , , , , , , , , , , , , , ,3,3,4,1,3,3,3,3,3
313, , , , , , , , , , , , , , ,5,5,5,5,5,5,5,5,5,5,5,5,5,5,5,5,4,5,5,5,5,5,5,5
346, , , , , , , , , , , , , , , , , , , , , , , , , , , , , ,4,3,5,4,3,4,3,4,3
351, , , , , , , , , , , , , , , , , , , , , , , , , , , , , ,4,3,4,4,4,3,3,3,3
357, , , , , , , , , , , , , , , , , , , , , , , , ,3,1,1,1,1,1,1,1,1,2,1,1,1,1
358, , , , , , , , , , , , , , ,4,4,5,4,2,5,4,4,3,5,3,3,4,4,3,4,5,5,4,4,4,4,4,4
361, , , , , , , , , , , , , , ,5,5,5,5,5,5,5,5,5,5,5,5,5,5,4,5,4,5,5,3,4,5,5,4
363, , , , , , , , , , , , , , , , , , , , , , , , , , , , , ,3,3,2,3,3,3,2,3,2
365, , , , , , , , , , , , , , ,5,5,2,5,1,5,5,5,5,5,3,5,5,5,5,4,4,4,4,5,5,3,5,5
376, , , , , , , , , , , , , , ,3,5,5,3,4,4,3,3,3,5,3,3,3,2,3,4,3,4,4,4,3,3,3,4
385, , , , , , , , , , , , , , , , , , , , , , , , ,5,5,5,5,5,5,5,4,5,5,5,4,5,4
405, , , , , , , , , , , , , , ,2,3,4,3,4,4,1,3,3,2,3,3,3,1,3,4,5,1,5,4,5,4,5,5
409, , , , , , , , , , , , , , , , , , , , , , , , ,1,1,1,1,1,2,2,2,1,3,3,2,1,3
410, , , , , , , , , , , , , , ,4,5,5,5,5,5,5,5,5,5,3,5,5,5,5,4,3,4,2,5,4,4,5,4
419, , , , , , , , , , , , , , , , , , , , , , , , ,3,2,3,2,2,2,4,2,4,2,2,4,3,2
420, , , , , , , , , , , , , , ,2,2,2,2,2,4,2,2,2,2,2,2,3,2,2,3,3,2,3,2,3,2,4,2
424, , , , , , , , , , , , , , ,1,1,4,1,1,2,1,2,2,2,1,1,1,1,1,2,2,1,4,2,4,4,4,4
425, , , , , , , , , , , , , , , , , , , , , , , , , , , , , ,2,2,4,5,1,2,2,4,2
442, , , , , , , , , , , , , , , , , , , , , , , , ,4,5,5,5,4,4,3,2,5,4,2,3,2,2
445, , , , , , , , , , , , , , ,2,3,5,1,3,3,1,3,3,1,1,1,2,1,1,3,3,3,2,4,3,2,3,4
451, , , , , , , , , , , , , , ,1,3,3,1,3,5,2,2,2,2,1,1,5,1,1,2,1,1,1,3,1,2,2,1
458, , , , , , , , , , , , , , , , , , , , , , , , ,3,2,4,2,2,2,3,2,2,4,3,2,2,3
481, , , , , , , , , , , , , , , , , , , , , , , , , , , , , ,2,3,2,2,3,3,2,4,2
483, , , , , , , , , , , , , , , , , , , , , , , , ,4,3,5,2,1,2,1,3,3,3,2,1,3,2
489, , , , , , , , , , , , , , , , , , , , , , , , , , , , , ,4,4,4,5,3,4,3,5,3
505, , , , , , , , , , , , , , ,1,1,3,1,1,1,1,1,1,1,1,1,1,1,1,2,3,2,2,2,3,2,4,2
518, , , , , , , , , , , , , , ,4,4,5,4,4,3,3,4,4,5,3,3,1,2,3,2,3,2,4,4,3,3,4,3
533, , , , , , , , , , , , , , , , , , , , , , , , , , , , , ,2,3,1,5,4,3,1,4,3
544, , , , , , , , , , , , , , ,4,5,5,5,3,5,5,5,5,5,5,5,5,5,5,5,2,4,5,5,5,4,5,5
558, , , , , , , , , , , , , , , , , , , , , , , , ,5,3,4,1,3,2,3,2,4,3,2,2,4,3
565, , , , , , , , , , , , , , , , , , , , , , , , ,5,5,5,4,5,4,3,2,4,4,2,4,3,4
570, , , , , , , , , , , , , , , , , , , , , , , , , , , , , ,4,1,1,3,3,1,2,3,2
574, , , , , , , , , , , , , , , , , , , , , , , , ,4,2,2,3,3,4,4,2,3,4,4,4,5,3
611, , , , , , , , , , , , , , , , , , , , , , , , ,1,2,1,1,1,3,3,2,4,3,3,2,3,3
618, , , , , , , , , , , , , , ,5,5,2,5,5,5,2,2,2,2,4,4,2,2,2,2,2,2,2,2,2,2,2,2
636, , , , , , , , , , , , , , , , , , , , , , , , , , , , , ,2,1,1,2,3,2,4,3,4
642, , , , , , , , , , , , , , , , , , , , , , , , ,2,1,1,1,1,2,2,2,1,1,2,1,4,1
648, , , , , , , , , , , , , , ,5,4,3,3,4,5,2,3,3,3,3,3,4,2,2,2,2,2,2,4,2,2,2,2
683, , , , , , , , , , , , , , , , , , , , , , , , ,1,3,2,3,2,3,2,3,2,2,3,3,3,5
689, , , , , , , , , , , , , , , , , , , , , , , , , , , , , ,4,5,3,4,3,4,3,5,3
706, , , , , , , , , , , , , , , , , , , , , , , , ,5,4,4,5,4,4,4,5,5,3,4,4,3,4
750, , , , , , , , , , , , , , , , , , , , , , , , ,5,5,5,5,5,5,3,4,5,4,3,3,4,4
821, , , , , , , , , , , , , , , , , , , , , , , , ,5,5,5,5,5,5,5,5,5,5,5,5,5,5
830, , , , , , , , , , , , , , ,5,5,4,5,3,4,4,5,3,3,4,3,4,5,4,2,2,1,5,5,2,2,1,1
832, , , , , , , , , , , , , , ,5,5,5,5,5,4,5,5,5,5,5,5,5,5,5,4,4,4,5,4,4,4,4,4
833, , , , , , , , , , , , , , ,5,5,5,5,3,5,5,5,5,5,5,5,5,5,5,5,4,4,5,5,5,5,5,5
15,1,5,1,2,1,1,2,3,4,4,4,1,1,3,5,5,4,5,5,3,5,5,4,5,5,5,3,4,4,4,3,4,4,5,2,4,2,3
18,1,2,3,3,1,1,1,2,3,4,4,3,1,1,5,5,4,5,5,5,5,5,5,5,5,5,5,5,4,4,3,2,5,4,4,4,4,4
21,1,3,2,3,1,1,1,2,1,2,1,1,1,1,5,5,5,5,5,5,5,5,5,5,5,5,4,5,5,5,5,5,5,5,5,5,5,4
24,1,2,2,2,1,1,1,1,1,1,1,2,1,3,5,5,5,5,1,4,5,5,3,4,5,5,4,5,4,5,3,5,5,4,3,5,5,4
33,1,3,2,4,1,1,2,2,2,2,4,3,1,2,5,5,5,5,4,5,5,5,5,5,5,5,5,5,4,4,5,3,5,4,4,3,4,4
41,1,2,2,3,1,1,1,2,3,3,3,2,2,3,5,5,4,4,4,4,4,4,4,4,3,4,4,3,4,4,3,3,4,4,3,3,4,3
65,1,5,3,2,1,1,3,3,4,4,3,3,1,4,5,5,5,5,5,3,5,5,4,5,5,5,3,4,3,4,2,3,4,4,4,4,5,4
66,1,2,2,2,2,1,3,3,3,3,3,3,3,3,4,4,4,4,4,4,4,4,4,4,4,4,4,4,4,3,4,3,3,2,4,3,3,3
79,1,4,2,1,1,1,2,1,3,2,1,1,2,1,4,5,4,3,3,5,2,5,5,4,3,1,4,2,2,4,4,2,2,4,4,2,3,4
85,1,3,4,1,4,1,3,1,4,1,1,1,3,1,2,1,5,1,2,1,2,3,4,1,3,1,2,1,1,3,2,5,3,4,3,3,2,2
91,1,4,4,1,4,2,4,2,4,2,2,2,4,2,1,1,3,1,1,2,1,3,2,2,1,1,1,1,1,2,3,4,2,3,3,2,3,3
105,1,1,3,2,1,1,3,3,3,2,2,3,3,2,1,1,2,2,2,2,1,3,2,2,2,2,2,2,1,3,3,4,3,2,2,3,3,3
113,1,1,3,2,1,1,2,2,2,2,2,1,2,2,2,3,2,3,3,2,1,2,1,1,1,2,1,2,2,2,3,2,4,3,3,2,3,3
124,1,3,4,2,1,1,1,1,2,3,3,1,1,1,4,5,4,5,5,5,4,5,4,4,3,5,5,4,3,4,3,2,4,4,3,3,4,3
140,1,3,1,1,1,1,1,1,1,1,1,1,1,1,5,5,5,5,5,5,5,5,5,5,4,4,5,4,4,4,2,2,5,5,5,3,5,2
162,1,3,2,4,3,3,3,4,3,3,3,4,4,3,2,2,4,3,3,3,3,2,3,2,1,1,1,1,1,3,3,3,3,3,3,3,3,3
169,1,3,3,2,4,4,4,1,4,2,4,3,4,3,2,2,2,2,2,3,1,2,2,2,2,1,2,1,2,2,2,4,3,2,2,1,3,2
170,1,4,3,3,1,1,1,1,2,2,2,2,2,2,4,4,4,4,4,4,5,5,5,5,4,4,4,4,4,4,4,4,5,4,4,3,5,4
199,1,3,3,1,1,1,1,1,2,2,4,3,2,1,5,5,5,3,5,5,5,3,3,5,4,4,4,2,2,4,3,2,2,3,3,2,3,2
202,1,1,1,1,1,1,1,1,1,1,1,1,1,1,1,1,1,1,1,1,1,1,1,1,1,1,1,1,1,1,2,2,4,4,3,2,3,3
206,1,4,4,2,2,2,1,1,4,4,4,3,3,2,5,3,4,3,3,5,4,4,3,5,3,3,5,3,3,4,3,3,4,4,3,2,4,4
215,1,3,2,1,1,1,1,1,1,1,1,1,1,1,4,4,4,5,5,4,4,5,4,4,4,4,4,4,3,4,4,3,4,3,3,3,3,4
216,1,2,1,1,1,1,1,1,1,1,1,1,1,1,4,4,4,4,5,5,5,5,5,5,3,4,4,3,3,4,2,3,5,4,3,3,4,3
223,1,1,1,1,1,1,1,1,1,1,1,1,1,1,3,1,2,1,2,3,1,1,2,2,2,1,3,1,1,2,2,1,4,2,2,2,3,2
256,1,3,2,2,1,1,2,2,2,2,3,1,1,1,5,5,5,5,5,4,3,4,5,5,4,4,4,4,4,4,4,4,4,4,3,3,4,3
295,1,3,4,2,1,1,3,3,2,2,2,3,2,2,4,5,3,3,4,4,3,3,3,3,4,4,4,3,3,3,3,4,4,3,3,3,3,3
298,1,1,2,2,2,2,3,3,3,3,2,2,2,2,4,3,3,5,2,2,2,2,2,2,2,2,2,2,2,2,3,2,2,3,2,2,3,3
304,1,2,2,2,2,3,3,2,3,2,2,3,3,4,4,3,3,4,3,4,5,5,4,3,2,2,2,2,2,3,3,2,4,3,2,2,3,2
311,1,2,2,1,1,1,1,1,1,1,1,2,2,2,5,5,5,5,5,5,5,5,5,2,5,5,5,4,4,4,4,5,4,4,4,4,4,4
317,1,4,4,3,3,3,3,3,3,3,3,3,3,3,3,3,3,3,3,3,3,3,3,3,3,3,3,3,3,3,3,3,3,3,3,3,3,3
318,1,2,3,3,1,1,1,1,2,2,2,1,1,2,4,4,5,4,5,3,4,5,5,5,3,4,3,3,4,3,4,2,4,4,4,3,4,5
321,1,1,1,1,2,2,1,1,1,1,1,1,2,1,5,3,3,4,4,3,3,3,3,3,4,4,3,2,3,4,3,3,4,4,3,2,3,3
323,1,2,1,1,1,1,1,1,1,1,1,1,1,1,5,5,3,5,5,2,5,5,5,5,5,5,2,4,3,4,5,5,5,4,4,5,5,4
325,1,4,4,5,2,1,4,5,4,5,3,3,1,4,5,5,4,5,5,4,5,4,4,5,5,5,4,4,4,2,4,4,5,3,3,4,5,4
332,1,1,2,1,1,1,1,1,1,1,1,1,1,1,5,5,5,5,1,5,5,5,5,5,5,5,5,5,5,5,4,5,5,4,4,4,4,4
336,1,3,3,3,1,1,1,1,4,4,3,3,2,4,5,5, ,5,5,5,5,5,5,5,5,5,5,5,5,4,2,4,5,4,5,3,4,2
341,1,3,2,2,1,1,2,2,2,2,3,2,2,2,5,4,3,4,2,4,4,4,4,4,5,5,5,5,5,3,4,4,4,4,3,2,4,3
342,1,1,1,1,1,1,1,1,1,1,1,1,1,1,5,5,5,5,5,5,5,3,5,5,3,5,5,3,4,4,5,4,4,4,4,4,4,4
347,1,2,1,3,1,1,1,1,2,3,2,1,1,1,5,5,5,5,4,5,5,5,5,5,5,5,5,5,4,4,3,4,4,5,4,3,5,2
350,1,1,2,3,1,2,1,2,1,2,3,2,2,2,5,5,2,5,4,4,3,4,4,4,3,2,4,4,4,3,4,5,5,4,3,4,5,3
354,1,3,2,1,1,1,1,1,1,1,1,1,1,1,5,5,5,5,5,5,5,5,5,5,4,4,4,4,4,4,3,4,4,3,3,4,4,3
355,1,4,1,3,1,1,1,2,1,3,2,3,2,3,4,5,3,4,3,3,3,4,3,2,4,4,3,1,2,4,2,3,4,3,2,1,2,2
356,1,1,1,1,1,1,1,1,1,1,1,1,1,1,5,5,5,5,1,5,5,5,5,5,5,5,5,5,5,4,5,5,5,5,5,5,5,5
367,1,2,1,1,1,1,1,1,1,1,1,2,1,1,5,5,5,5,5,2,3,5,2,5,5,5,2,2,1,3,4,3,5,3,4,3,5,4
369,1,1,1,1,1,1,1,1,1,1,1,1,1,1,5,4,5,5,4,4,5,5,5,5,5,5,4,5,4,5,5,5,5,5,5,4,5,5
375,1,4,3,4,1,1,1,1,1,1,4,3,2,4,3,3,4,3,3,4,4,4,4,4,3,3,3,3,3,3,3,4,4,3,3,4,4,3
380,1,2,3,4,2,2,1,1,2,2,3,1,2,4,5,4,3,3,3,3,2,3,3,3,3,3,3,5,4,4,3,3,5,4,2,3,5,3
382,1,1,1,1,1,1,1,1,1,1,1,2,2,1,4,5,3,4,4,2,2,2,1,5,4,4,2,1,2,4,4,4,3,3,3,4,4,4
383,1,3,4,4,1,2,1,2,1,2,2,2,1,3,5,4,1,5,4,2,4,4,4,5,4,4,3,4,3,3,4,4,4,4,3,4,5,3
384,1,4,3,3,1,1,1,3,2,4,4,4,1,4,5,5,3,5,1,5,5,5,3,5,5,5,4,4,4,4,3,4,5,4,2,3,4,3
387,1,1,1,1,1,1,1,1,1,1,1,1,1,1,5,5,5,5,1,5,5,5,5,5,5,5,5,5,5,5,5,5,5,5,5,5,5,5
389,1,3,2,2,1,2,1,2,1,2,3,2,1,2,4,4,3,5,1,3,5,3,2,5,4,3,3,3,2,4,3,4,2,3,4,4,4,3
391,1,2,3,3,1,1,1,3,2,3,3,2,2,2,4,3,3,4,4,3,4,3,3,3,3,3,3,3,3,3,4,4,2,3,4,4,4,3
397,1,2,2,1,2,1,2,1,2,1,1,1,2,1,1,3,4,1,1,2,1,4,4,1,2,1,1,1,1,2,2,4,2,3,3,4,4,3
404,1,2,1,1,3,1,1,1,1,1,1,2,1,1,2,1,5,1,3,5,1,2,2,1,2,2,4,1,1,4,2,4,2,3,2,2,3,4
443,1,1,1,1,2,2,2,2,2,2,2,2,2,1,3,2,2,2,2,2,2,2,2,2,3,3,2,2,2,3,3,3,3,3,3,3,3,3
456,1,3,2,2,2,2,1,1,3,3,4,2,2,2,5,1,2,1,1,1,1,3,3,1,3,1,1,1,3,3,3,4,5,4,3,3,3,3
466,1,5,5,1,2,2,4,1,5,5,5,3,3,2,1,3,3,2,3,2,1,3,3,1,2,2,1,1,2,3,3,4,5,3,3,2,4,3
472,1,3,2,3,1,2,1,4,2,3,4,3,1,3,5,5,3,5,5,3,4,4,5,5,5,4,4,3,4,3,3,4,5,5,3,2,4,3
480,1,3,4,2,1,1,1,1,1,1,1,2,1,2,3,5,4,5,4,5,4,5,5,5,3,5,4,3,4,5,4,4,5,4,4,4,4,4
487,1,3,3,1,1,1,3,1,3,1,1,1,3,1,3,2,4,4,3,4,4,3,3,4,2,3,4,3,2,3,3,2,3,2,2,1,2,2
496,1,3,3,3,1,1,2,2,3,1,1,1,1,1,5,5,3,4,3,2,2,1,3,3,4,4,4,1,1,4,2,2,1,3,3,2,4,3
501,1,2,2,1,1,1,1,2,3,2,4,1,1,1,5,5,5,5,5,5,5,5,5,3,5,5,5,4,5,5,5,4,4,4,5,4,5,5
509,1,4,3,3,1,1,2,1,2,2,3,3,2,2,3,4,3,5,4,5,4,4,4,5,4,4,4,3,3,4,3,4,4,4,4,4,4,3
513,1,2,2,2,1,1,2,2,3,3,3,3,2,2,4,5,2,4,5,2,4,3,4,5,4,4,2,4,4,4,4,3,5,4,4,3,4,3
531,1,2,2,1,1,1,1,1,1,1,1,2,1,1,5,5,4,5,5,4,5,5,5,5,4,4,4,3,3,4,4,4,5,4,4,3,5,4
534,1,1,1,1,1,1,1,1,1,1,1,1,1,1,5,5,5,5,5,5,3,5,5,5,4,4,2,2,4,4,4,4,5,4,4,3,4,4
536,1,3,3,1,1,1,1,1,4,2,2,1,2,1,4,5,5,5,5,5,5,5,2,5,4,5,5,4,2,5,4,3,4,4,5,3,5,4
568,1,1,1,1,1,1,1,1,1,1,1,1,1,1,4,5,5,5,5,5,5,5,5,5,4,4,4,4,4,4,5,4,4,5,5,4,5,5
579,1,3,2,1,1,1,2,2,4,1,2,1,2,2,3,4,3,4,4,3,4,4,3,2,3,3,2,3,2,4,3,2,4,2,4,2,4,4
591,1,2,1,1,3,2,2,3,2,2,2,3,3,2,3,2,2,3,3,2,2,2,2,2,2,2,2,2,2,3,4,2,2,2,3,2,4,3
597,1,2,3,3,1,1,1,1,4,3,3,1,1,2,5,5,4,5,4,5,4,4,4,3,4,5,4,4,3,3,3,4,3,4,3,3,3,2
598,1,2,2,1,1,1,1,1,1,1,3,1,2,1,4,5,5,5,5,5,3,3,4,5,4,4,4,2,4,4,4,2,5,5,3,4,4,4
599,1,3,3,1,1,1,1,1,2,1,3,2,2,2,4,4,3,4,5,4,4,4,3,4,4,5,4,3,3,4,3,4,4,4,3,3,2,3
604,1,1,1,1,1,2,1,1,1,1,1,1,1,1,5,5,5,5,5,2,5,5,5,5,5,5,5,5,5,4,5,5,5,5,5,5,5,5
605,1,3,2,2,1,1,1,1,3,2,3,3,1,2,5,5,4,5,5,5,5,4,5,5,5,5,4,4,4,4,3,3,5,4,3,2,4,3
621,1,2,1,1,1,1,1,1,2,2,1,1,1,1,5,5,5,5,2,4,5,5,5,4,5,5,4,5,4,5,3,4,4,4,5,4,4,5
633,1,2,1,1,1,1,1,1,1,1,2,2,1,1,3,4,3,4,3,2,3,3,3,4,3,4,2,3,3,3,4,4,5,4,4,3,4,4
638,1,4,3,3,1,1,2,2,4,3,4,2,2,2,4,4,4,5,4,3,2,3,3,2,4,4,4,2,4,4,4,4,4,4,4,3,4,3
640,1,3,1,1,1,1,2,1,2,2,1,1,1,1,5,4,4,5,5,3,5,4,4,5,4,5,4,4,5,4,4,4,4,4,4,4,5,4
641,1,2,3,1,1,1,2,1,2,1,3,1,1,1,5,5,5,5,5,4,5,5,5,4,5,5,3,5,5,5,5,4,5,4,5,4,5,4
646,1,4,4,4,1,1,1,1,2,3,3,2,1,2,5,5,3,4,4,3,3,3,3,3,4,4,3,3,3,3,2,2,4,3,2,2,3,3
659,1,4,5,4,2,1,1,1,3,3,4,3,2,3,5,5,4,5,5,5,4,4,2,4,4,4,3,3,1,4,4,2,4,3,4,3,5,3
661,1,1,2,2,1,1,2,1,3,1,1,1,1,1,4,5,5,5,5,4,5,5,5,5,4,5,4,5,5,5,3,5,5,5,4,4,4,4
665,1,2,2,1,1,1,1,1,2,2,2,2,1,2,5,1,4,5,5,5,4,3,4,5,5,5,5,3,4,4,3,4,4,3,4,3,5,3
669,1,3,4,4,1,1,1,2,1,1,2,3,2,2,5,5,4,5,4,5,5,5,5,5,5,4,5,3,5,4,4,5,4,4,4,4,5,5
672,1,4,3,2,1,1,2,1,4,3,4,2,1,1,5,5,5,5,5,3,3,3,4,3,4,4,3,3,3,4,4,4,4,3,4,4,4,4
677,1,1,4,3,1,1,1,1,1,1,1,1,1,1,5,5,4,5,5,4,4,4,5,4,3,3,4,4,5,5,4,4,5,4,4,3,5,4
680,1,3,2,2,1,1,2,2,2,2,3,1,1,1,4,4,4,5,3,3,4,4,4,5,4,4,3,4,3,4,4,4,4,4,4,3,4,4
681,1,3,2,2,1,1,1,1,1,2,1,1,1,2,5,5,5,5,5,5,5,5,5,5,5,5,4,5,4,4,4,4,1,4,4,4,5,4
682,1,1,1,4,1,1,1,4,1,4,1,2,1,2,4,1,1,4,5,5,2,2,2,2,3,4,5,3,2,2,2,4,4,3,3,2,2,2
694,1,3,4,2,1,1,2,2,4,4,3,2,1,1,5,5,4,5,5,5,5,5,5,5,5,5,5,5,5,5,5,2,4,5,5,5,5,5
695,1,1,1,1,1,1,1,1,1,1,1,1,1,1,5,5,5,5,5,5,5,5,5,5,5,5,5,5,5,5,4,3,5,3,4,4,5,5
696,1,1,1,1,1,1,1,1,1,1,1,1,1,1,5,5,3,5,1,5,5,4,4,5,5,5,4,4,4,5,2,2,5,4,4,2,4,2
697,1,1,1,2,1,1,1,1,1,1,1,1,1,1,5,5,5,5,5,5,5,5,5,5,5,5,4,4,4,5,4,5,5,4,4,4,5,4
698,1,3,3,1,1,1,2,1,1,1,2,2,1,1,5,5,4,5,5,4,5,5,5,5,5,5,3,5,4,5,4,4,5,5,4,4,5,5
704,1,2,2,1,1,1,2,1,3,3,3,2,2,1,4,5,5,5,5,2,4,4,5,3,5,5,2,3,5,5,3,3,5,4,4,3,5,4
709,1,3,3,3,1,1,2,2,2,2,2,2,1,2,5,5,5,5,5,5,5,5,5,4,4,4,4,4,4,4,4,4,4,4,4,4,4,4
715,1,1,2,1,1,1,1,1,1,1,1,1,1,1,5,5,4,5,3,5,5,5,5,5,2,3,3,4,5,5,3,3,4,4,4,4,5,3
716,1,2,2,1,1,1,1,1,1,1,1,2,1,1,4,5,4,5,5,2,5,4,3,3,4,4,3,4,4,4,3,4,4,4,3,2,4,2
720,1,3,2,1,1,1,1,1,1,1,3,1,1,1,2,5,5,5,5,5,5,5,5,5,5,5,5,5,5,4,5,4,5,5,5,5,5,4
724,1,2,3,2,1,1,2,2,3,3,3,2,2,2,3,5,3,5,5,4,4,3,2,4,3,3,4,3,3,3,3,4,2,3,4,2,4,3
727,1,2,4,2,2,2,2,3,3,2,3,2,3,2,3,4,3,4,3,3,4,4,3,3,3,2,4,2,4,3,4,3,3,3,3,3,3,4
732,1,4,4,4,1,2,4,4,4,4,3,2,1,1,5,4,4,4,4,3,4,4,5,5,4,4,3,4,4,3,4,4,5,4,4,4,5,4
733,1,4,3,3,1,1,3,4,3,4,4,3,2,3,4,5,4,5,5,4,5,5,5,5,5,5,5,5,5,4,5,5,3,4,5,4,4,4
737,1,3,2,1,1,1,2,1,4,3,2,1,1,1,5,5,5,5,5,3,5,5,5,5,5,5,5,4,5,5,4,4,5,5,4,3,4,3
738,1,3,3,3,1,1,1,1,3,3,2,1,1,1,5,5,5,5,5,5,5,5,5,3,4,4,4,4,5,4,4,4,5,4,4,3,4,4
739,1,2,2,2,2,2,2,2,4,4,4,3,2,3,5,4,4,4,3,5,5,4,4,4,4,4,4,4,3,4,2,4,4,3,2,2,3,2
743,1,3,1,1,1,1,1,1,1,1,1,1,1,1,5,5,5,5,5,5,5,5,5,5,5,5,4,5,5,5,5,5,5,5,5,5,5,5
744,1,1,1,1,1,1,1,1,1,1,1,1,1,1,5,5,5,5,5,5,5,5,5,5,5,5,4,5,5,5,5,5,5,4,5,5,5,5
752,1,4,3,2,1,1,1,1,2,3,4,2,1,1,5,5,5,5,1,5,5,5,4,5,5,5,5,5,4,5,4,3,5,4,5,4,5,5
754,1,4,2,3,1,1,3,4,1,2,4,2,2,3,5,5,2,5,4,3,3,3,3,3,4,4,3,3,3,3,4,4,4,3,4,3,4,4
757,1,4,1,1,1,1,1,1,3,3,3,3,1,3,5,5,4,5,3,5,5,5,5,5,5,5,5,5,5,4,4,4,4,4,4,4,4,4
758,1,2,1,1,1,1,1,1,2,1,4,1,1,1,5,5,5,5,5,4,5,5,5,4,4,5,3,3,4,5,5,4,5,4,4,4,5,4
759,1,3,4,1,1,1,1,3,1,1,3,3,2,1,4,4,2,2,2,3,3,3,4,4,3,4,4,4,4,4,4,4,4,3,4,4,4,4
760,1,4,4,1,1,1,1,1,1,1,4,2,2,1,3,3,2,2,3,4,3,3,3,3,3,3,3,2,3,4,4,4,4,3,4,2,4,3
762,1,3,3,3,1,1,3,3,2,2,2,2,1,2,4,4,4,5,4,1,4,3,3,3,4,4,3,4,3,4,3,4,4,4,4,4,4,3
765,1,4,4,4,1,2,3,3,3,3,4,1,1,1,4,5,4,5,4,5,5,5,3,5,4,4,5,4,3,4,4,4,4,4,4,4,4,4
767,1,3,4,2,1,1,2,1,3,1,2,1,1,1,4,4,2,5,4,2,4,3,2,2,5,4,1,2,2,4,3,3,4,3,3,2,4,2
769,1,1,1,1,1,1,1,1,1,1,1,1,1,1,5,5,5,5,5,2,5,5,5,5,5,5,2,5,5,5,4,5,5,3,4,4,5,4
770,1,1,1,1,1,1,1,1,1,1,1,1,1,1,5,5,5,5,5,5,5,5,5,5,4,4,4,4,5,5,5,4,5,5,5,5,5,4
771,1,4,4,3,1,1,2,2,4,3,3,1,1,2,5,5,5,5,5,3,5,4,3,5,5,5,4,5,3,4,4,4,4,4,4,4,5,4
774,1,2,2,1,1,2,2,1,2,2,2,1,1,1,5,5,5,5,5,5,5,5,5,5,5,5,4,4,4,4,3,5,5,4,4,3,4,3
775,1,1,1,1,1,1,1,1,3,3,3,2,1,1,5,5,5,5,5,5,4,5,5,4,4,4,4,3,4,4,5,4,4,4,5,3,5,4
777,1,3,2,2,1,1,1,1,3,3,3,3,1,2,5,5,4,1,4,5,5,5,5,5,4,5,4,5,4,5,3,4,5,4,4,4,3,3
778,1,4,1,1,1,1,1,1,1,1,2,3,1,1,5,5,5,5,2,5,5,5,5,5,4,5,5,5,5,5,3,4,5,4,3,4,4,2
779,1,1,1,1,1,1,1,1,2,2,3,1,1,1,5,5,5,5,3,5,5,5,5,5,4,4,4,4,4,5,4,4,5,4,4,4,4,4
780,1,2,1,2,1,3,1,2,1,3,2,1,1,2,5,5,5,5,1,5,5,3,4,5,5,5,3,4,3,4,3,4,5,4,5,5,5,4
784,1,4,3,3,1,1,1,1,3,3,4,3,1,3,5,5,4,5,5,5,5,5,4,5,4,5,4,4,5,3,3,4,4,4,3,2,4,3
785,1,1,1,1,1,1,1,1,1,1,1,1,1,2,5,5,5,5,1,1,3,5,5,3,5,5,2,3,5,5,4,4,5,5,5,3,4,4
786,1,3,3,3,1,3,1,1,1,3,3,1,1,3,5,5,2,5,5,5,5,5,5,5,4,4,4,4,4,4,4,4,4,4,3,4,4,3
787,1,3,3,2,1,1,1,1,3,2,3,2,1,1,4,5,4,5,3,4,5,5,5,5,4,5,4,4,4,5,3,4,5,4,3,4,4,2
788,1,3,2,2,1,1,2,2,2,2,3,1,1,3,5,5,3,5,5,4,5,5,3,5,5,5,3,4,3,3,3,4,5,4,3,2,4,3
792,1,2,2,2,1,1,2,2,2,2,3,1,1,1,5,5,5,5,5,5,4,4,5,5,3,4,4,4,3,4,4,4,5,4,3,3,3,3
797,1,1,1,1,1,1,1,1,1,1,1,1,1,1,5,5,5,5,5,5,5,5,5,5,5,5,5,5,5,4,5,5,5,5,5,5,5,5
798,1,1,1,4,1,1,1,3,1,3,3,2,1,4,5,5,3,5,5,3,4,4,4,5,4,5,3,5,4,4,2,2,4,4,3,4,2,1
800,1,1,2,2,1,1,2,2,1,1,2,1,1,1,5,5,5,5,5,5,5,5,5,5,5,5,5,5,5,5,5,5,5,4,4,5,4,3
801,1,2,2,3,1,1,1,3,1,2,4,1,1,1,5,5,5,5,5,5,5,5,5,5,5,5,4,4,4,4,4,4,5,4,4,4,4,5
802,1,3,1,1,1,1,1,1,1,1,1,1,1,1,5,5,5,5,5,5,5,5,5,5,4,5,5,5,5,4,3,4,5,5,3,4,4,3
803,1,3,3,4,1,3,2,3,1,3,3,3,2,4,5,5,4,5,5,5,5,5,4,5,4,4,4,4,4,2,3,4,4,3,3,3,4,3
805,1,3,2,1,1,1,1,1,1,1,1,1,1,1,5,5,5,5,5,5,5,5,5,5,5,5,5,5,5,5,5,5,5,5,5,4,5,5
806,1,1,1,1,1,1,1,1,1,1,1,1,1,1,5,5,5,5,5,4,5,5,5,5,5,5,5,5,5,5,5,5,5,5,5,5,3,5
807,1,2,2,3,1,1,1,2,2,2,2,2,1,3,5,5,4,5,5,4,3,3,3,3,5,5,4,4,3,4,3,4,4,4,3,3,4,4
808,1,3,1,3,1,1,1,1,1,1,2,1,1,2,5,5,5,5,5,5,5,5,5,3,5,5,4,4,4,5,4,4,5,4,4,4,5,4
810,1,3,2,1,1,1,2,1,2,2,3,1,1,1,5,5,5,5,5,5,5,5,5,5,5,5,4,5,4,5,4,4,2,5,4,4,4,3
812,1,1,1,1,1,1,1,1,1,1,1,1,1,1,4,5,5,5,3,5,5,5,5,5,5,5,5,5,5,4,5,4,5,4,5,5,5,5
813,1,4,4,4,1,1,1,4,1,3,4,1,1,3,5,5,5,5,5,4,5,5,5,5,5,5,4,4,4,4,4,5,5,4,4,4,5,4
816,1,4,3,3,1,1,4,4,3,3,2,1,1,2,5,5,5,5,5,5,5,5,5,5,5,5,4,5,5,4,2,5,4,4,5,4,4,5
818,1,4,3,4,1,1,2,2,1,1,3,1,1,2,5,5,5,5,2,5,5,5,5,5,5,4,5,5,5,5,5,4,5,4,5,4,5,5
819,1,1,1,1,1,1,1,1,1,1,1,1,1,1,5,5,5,5,5,5,5,5,5,5,5,5,5,5,5,4,5,5,5,5,5,5,5,5
820,1,1,2,2,1,1,1,1,2,2,2,1,1,1,5,5,4,5,5,4,4,4,5,5,4,5,4,5,4,5,2,4,5,4,5,4,4,4
822,1,2,2,3,1,1,1,2,2,3,3,2,1,3,5,5,4,5,5,4,5,3,5,5,5,5,4,5,5,3,4,4,4,3,4,4,4,4
823,1,2,3,4,1,1,2,2,2,3,3,2,1,3,4,5,4,5,4,5,5,4,5,5,4,5,5,4,4,3,3,4,4,3,4,4,4,4
824,1,1,1,1,1,1,1,1,1,1,1,1,1,1,5,5,5,5,5,5,5,5,5,5,5,5,5,5,5,5,5,5,5,5,5,5,5,5
825,1,1,1,1,1,1,1,1,1,1,1,1,1,1,2,5,5,5,4,2,5,5,5,5,4,4,3,4,4,4,4,5,4,4,5,4,4,4
826,1,4,3,4,1,3,1,3,3,3,3,3,1,3,4,5,2,5,4,4,5,5,5,5,4,5,4,4,4,3,4,4,4,3,4,4,3,3
827,1,1,1,2,1,1,1,2,1,2,2,1,1,1,5,5,5,5,5,5,5,5,4,5,5,5,5,5,4,4,4,4,5,4,3,4,4,2
829,1,3,3,1,1,1,1,2,1,1,3,1,1,1,4,5,5,5,2,5,5,4,5,5,4,4,4,5,4,4,4,5,5,3,4,4,4,4
831,1,1,1,2,1,1,1,3,1,3,3,1,1,1,5,5,5,5,5,5,5,5,5,3,4,5,5,5,5,4,4,4,5,4,5,5,4,4
834,1,2,1,1,1,2,1,1,2,1,1,1,1,1,5,5,5,5,5,5,5,5,5,5,4,5,5,5,5,5,5,5,5,5,5,5,5,5
835,1,1,1,1,1,1,1,1,1,1,1,1,1,1,5,5,5,5,5,4,5,5,5,5,5,5,4,5,5,5,5,5,5,4,5,5,5,4
836,1,4,3,3,1,1,2,1,4,4,4,1,1,1,5,5,5,5,5,5,5,5,5,5,5,5,5,5,5,5,5,5,5,5,5,5,5,5
837,1,4,3,1,1,1,2,1,2,1,3,1,1,1,5,5,5,5,5,5,5,5,5,5,5,5,4,5,5,5,4,4,5,5,4,5,5,5
838,1,3,3,3,3,3,3,3,3,3,3,3,3,1,3,3,3,3,3,3,3,3,3,3,3,3,3,3,3,3,5,5,3,3,3,3,3,3
840,1,2,1,1,1,1,1,1,1,1,1,1,1,1,5,5,5,5,4,5,5,5,5,5,4,4,4,4,4,5,5,5,2,4,4,5,4,4
8,2,3,2,1,3,1,1,1,2,1,1,1,3,2,1,1,4,1,1,1,1,2,3,1,1,1,1,1,1,1,4,4,4,4,4,4,4,4
11,2,3,4,4,3,2,3,3,3,4,4,3,3,3,2,2,2,3,3,4,3,3,2,3,2,2,4,2,2,2,2,2,2,2,2,2,2,2
13,2,5,5,5,5,5,5,5,5,5,5,5,5,5,5,3,4,2,2,3,1,1,1,1,4,2,1,1,1,2,2,4,2,4,1,1,3,2
14,2,3,3,4,1,1,4,4,2,1,4,2,2,2,4,3,4,4,3,5,4,3,3,3,4,5,5,3,3,4,3,3,3,3,3,3,3,3
25,2,3,4,2,4,4,4,2,3,3,2,3,4,2,2,1,3,1,1,1,1,3,2,1,1,1,1,1,1,1,2,3,1,2,2,2,3,2
27,2,3,3,2,3,2,3,2,3,2,3,3,4,2,4,4,4,5,4,1,1,2,3,1,4,3,1,1,2,4,3,4,4,3,2,3,2,3
52,2,3,3,2,2,3,2,3,3,2,2,3,2,2,3,3,2,3,1,3,2,1,1,1,3,2,2,2,2,3,3,2,3,2,3,3,3,3
56,2,5,5,5,5,5,5,5,5,5,5,5,5,5,1,1,1,1,1,1,2,1,2,1,1,1,1,1,1,1,1,1,1,2,1,1,1,1
77,2,4,4,4,4,4,4,4,5,5,5,5,5,5,1,3,1,4,1,1,3,1,1,1,1,3,1,1,1,3,3,2,1,2,2,2,2,1
84,2,3,3,2,2,2,3,2,3,2,4,2,3,1,1,1,3,1,1,1,1,4,3,2,2,1,1,1,3,2,3,4,3,2,2,3,4,3
101,2,3,3,2,3,2,3,2,3,2,3,2,3,2,3,1,3,1,2,4,1,1,1,1,2,1,1,1,1,2,2,2,2,2,2,2,2,2
112,2,2,2,2,1,1,2,2,3,2,2,1,2,2,3,3,3,4,2,3,1,2,2,2,2,2,2,1,2,4,4,3,4,3,3,4,4,4
131,2,4,4,4,1,1,3,3,4,4,4,2,2,3,4,5,4,3,4,2,3,3,3,4,4,4,2,2,3,3,2,4,4,3,2,2,3,3
133,2,3,4,3,1,1,1,1,2,3,3,1,1,3,5,5,4,5,4,5,4,4,3,2,4,4,4,3,3,4,4,3,4,4,4,3,4,4
134,2,2,2,3,2,3,4,4,4,4,4,4,4,5,4,2,2,4,4,3,3,2,2,2,4,4,3,2,2,2,2,3,1,2,2,1,2,3
137,2,2,2,1,1,1,2,1,3,2,4,2,2,1,4,5,3,3,5,3,2,5,5,4,3,4,3,2,4,4,4,2,5,5,4,3,4,5
143,2,1,2,1,2,2,1,1,1,1,2,1,1,1,2,2,5,1,1,2,1,3,1,1,1,1,1,1,1,3,2,4,1,2,2,2,3,3
145,2,1,1,1,1,1,1,1,1,1,1,1,1,1,5,5,5,5,5,5,5,5,5,5,5,4,4,3,5,4,4,2,5,5,5,4,5,5
150,2,2,2,2,2,2,3,2,2,2,2,2,1,2,2,2,3,3,3,3,3,3,3,3,2,2,2,2,2,2,3,3,2,3,3,3,3,3
155,2,3,1,2,4,3,3,2,4,1,3,2,2,1,2,2,4,2,3,1,1,2,4,1,3,1,1,1,1,3,3,2,1,3,3,2,3,3
168,2,3,3,2,4,3,3,2,3,2,2,2,3,2,3,1,4,1,1,3,1,2,2,1,1,1,1,1,1,3,3,3,2,3,2,2,3,2
177,2,1,2,2,1,1,2,2,1,1,1,2,2,2,4,5,4,3,4,5,5,5,5,5,2,4,4,2,3,4,3,3,3,2,4,4,4,3
181,2,3,3,3,1,2,3,4,2,3,2,3,2,3,4,5,3,5,5,3,3,5,5,1,3,2,3,3,4,2,2,3,3,4,2,3,1,4
183,2,2,1,1,4,4,4,4,3,3,1,3,2,3,5,3,3,4,4,5,1,3,2,3,4,3,3,2,2,3,2,2,2,2,2,2,2,3
186,2,3,2,3,2,2,3,3,4,4,2,2,2,2,5,4,2,3,4,2,1,2,2,2,4,3,5,2,2,3,3,3,3,3,2,3,3,2
189,2,3,3,2,2,3,2,4,3,2,2,3,3,2,3,4,4,4,5,5,5,4,3,4,4,3,3,4,4,3,3,3,3,3,3,3,3,3
192,2,2,3,1,3,2,3,1,3,2,2,2,3,1,3,1,3,1,1,2,1,4,4,1,2,1,2,1,1,3,2,4,3,4,2,2,3,3
203,2,1,1,1,1,1,1,3,1,1,1,3,2,2,2,5,5,5,5,5,4,5,5,5,3,4,5,3,5,1,1,2,3,5,2,1,2,3
211,2,3,1,2,1,1,2,2,2,2,2,2,2,1,4,4,4,4,4,3,3,3,3,3,3,3,2,2,2,4,4,3,3,2,3,3,3,3
219,2,2,2,2,2,2,2,2,2,2,2,2,3,2,2,2,4,1,5,5,1,3,4,1,4,4,3,1,2,3,3,3,4,3,3,3,4,3
225,2,2,2,1,2,1,2,1,2,2,2,1,2,1,2,2,5,2,2,1,1,5,3,2,1,2,1,1,3,2,3,2,4,3,2,2,4,3
229,2,3,4,1,3,1,3,2,4,4,4,3,4,2,3,3,2,3,1,1,1,2,1,2,2,2,2,1,2,4,2,2,4,3,3,2,4,3
232,2,3,3,2,1,1,1,1,1,1,1,2,2,2,4,4,3,4,2,5,4,5,2,5,4,4,5,4,2,3,2,3,5,4,3,2,4,3
234,2,2,2,2,2,2,2,2,2,2,2,2,2,2,3,4,4,4,3,3,3,3,2,2,3,3,3,1,2,3,4,2,4,4,3,2,4,3
243,2,1,1,1,3,3,3,3,2,1,1,2,3,2,1,1,4,1,2,1,1,2,3,1,1,1,1,1,1,1,3,1,1,3,2,2,2,2
247,2,1,1,1,1,1,3,3,3,3,4,2,1,1,5,5,5,5,5,5,5,5,5,5,3,4,4,3,3,4,4,2,3,4,2,4,4,2
254,2,3,3,1,2,1,3,1,2,2,2,2,3,1,3,2,3,3,3,3,3,3,3,3,3,3,3,2,3,3,2,2,4,3,2,2,3,2
261,2,2,2,2,1,1,1,1,2,1,2,3,3,2,3,3,2,2,4,2,1,1,1,1,2,2,1,1,1,3,3,2,3,2,3,2,3,3
267,2,2,2,2,2,2,2,2,2,2,2,2,2,2,3,3,3,3,3,3,3,3,3,3,2,2,2,2,2,3,3,2,2,3,2,3,3,3
270,2,4,3,3,2,2,2,2,2,2,2,2,2,2,5,2,4,4,2,2,2,3,3,3,4,4,4,3,3,4,3,3,4,3,4,2,4,4
283,2,2,3,3,1,1,1,1,2,2,3,4,1,3,5,5,5,5,5,5,3,5,5,5,5,5,5,3,4,3,4,4,5,5,4,3,4,4
305,2,3,1,2,1,1,2,3,2,3,3,3,2,3,4,4,3,4,3,4,3,4,3,3,3,4,3,3,3,4,3,2,3,3,3,3,3,3
314,2,5,5,4,2,2,5,4,5,4,4,4,2,3,3,4,3,2,2,3,2,3,3,1,3,3,3,2,2,4,2,3,5,2,3,2,4,2
316,2,4,4,4,1,1,3,3,3,3,3,2,2,2,4,3,3,3,4,3,3,3,3,2,3,3,3,2,2,3,3,4,4,3,2,2,4,2
324,2,4,4,4,2,2,4,4,4,4,4,3,3,3,4,5,3,3,5,2,4,3,3,2,4,3,2,3,3,4,2,4,3,3,3,3,4,3
327,2,5,5,4,2,4,4,4,5,5,1,4,3,4,5,5,3,5,5,5,1,3,3,5,5,4,5,2,3,4,3,2,4,4,4,2,4,3
329,2,3,3,3,1,2,2,2,2,1,3,2,3,3,3,4,2,4,4,2,2,2,2,2,4,4,3,2,2,3,3,4,4,3,2,3,3,3
349,2,2,2,5,1,1,3,3,2,4,3,3,2,4,4,5,3,3,4,2,3,3,3,3,4,4,3,4,3,4,2,4,4,3,2,2,3,2
359,2,4,3,3,1,1,3,3,3,4,3,3,3,3,5,4,4,4,4,4,4,4,4,4,4,4,3,4,4,3,3,3,4,4,3,3,4,3
360,2,3,4,4,3,3,4,3,2,2,3,3,3,2,4,2,3,4,3,4,3,3,3,3,3,3,3,2,2,3,3,4,2,3,3,2,3,3
364,2,2,1,2,1,2,1,2,2,2,2,3,2,1,3,3,2,3,3,3,3,3,2,4,4,4,3,2,2,3,3,2,1,3,2,2,3,3
373,2,4,4,4,1,1,1,1,1,1,4,2,1,3,5,5,5,5,5,5,3,5,3,5,4,5,3,2,3,4,3,3,5,4,3,4,5,4
374,2,2,2,2,2,2,2,2,2,2,2,4,3,3,4,3,3,4,1,4,4,4,3,3,3,4,3,3,3,3,3,3,4,3,3,3,4,3
379,2,2,2,2,2,2,2,2,2,2,2,2,2,2,5,5,5,5,2,5,5,5,5,5,4,4,4,4,3,4,5,4,5,3,4,4,4,4
394,2,3,3,1,4,1,3,1,3,1,3,2,3,1,2,2,4,1,3,2,1,5,4,2,2,2,2,1,2,4,3,2,5,5,3,4,4,3
401,2,2,2,3,4,4,3,3,3,3,2,2,2,3,3,3,4,2,3,2,2,2,3,2,1,2,2,2,1,2,3,2,3,3,3,2,2,2
402,2,3,3,2,3,1,3,1,3,2,2,3,4,2,3,4,3,2,4,1,1,4,4,4,2,2,1,2,3,3,2,3,2,4,3,2,3,3
406,2,4,4,2,4,4,5,2,4,2,1,3,5,5,3,1,2,3,4,5,4,5,5,4,3,3,3,4,2,2,2,3,2,2,2,2,3,2
411,2,3,3,2,1,1,1,1,3,3,3,2,2,1,5,5,4,5,5,3,4,4,4,4,4,4,4,3,4,4,4,4,4,4,5,4,5,5
412,2,3,2,3,3,3,3,3,3,3,3,3,4,2,2,1,3,1,2,1,1,1,1,1,2,1,1,1,1,3,2,3,2,3,3,2,3,2
417,2,1,1,1,3,3,1,1,1,1,1,1,1,1,5,1,5,1,1,2,1,5,5,2,2,2,2,1,1,4,4,3,4,4,3,2,4,4
423,2,2,2,2,3,2,3,2,2,2,1,2,3,2,2,3,4,2,1,2,2,5,4,1,1,1,1,1,3,3,3,2,4,4,4,2,4,3
429,2,2,2,1,1,1,1,1,1,1,1,1,1,1,5,3,5,4,3,3,3,4,4,4,4,3,3,3,3,4,4,3,5,4,4,3,5,5
432,2,2,1,1,1,1,1,1,1,1,1,1,1,1,5,5,5,5,5,4,5,5,5,5,5,5,4,4,5,4,5,4,5,4,4,4,4,4
467,2,2,2,2,2,2,2,2,3,3,3,1,1,1,4,4,5,4,2,1,3,3,2,2,3,3,1,2,1,3,3,4,5,3,2,3,4,4
468,2,3,3,1,2,3,4,1,4,1,3,1,2,2,2,3,5,2,3,4,3,3,2,4,3,4,3,2,3,3,2,2,2,3,3,2,2,3
469,2,2,4,1,1,1,4,1,3,1,1,3,3,3,4,3,3,4,4,3,2,3,4,5,4,4,5,3,4,2,3,2,5,4,3,2,3,3
470,2,3,4,2,1,1,3,3,3,3,3,2,3,2,4,5,3,4,4,1,1,2,2,1,3,3,2,1,2,4,3,2,4,3,4,2,4,4
475,2,3,3,2,1,1,1,2,2,2,3,3,2,2,5,4,2,4,1,4,3,3,3,3,3,4,4,2,3,4,4,3,4,3,3,3,4,4
485,2,3,3,1,1,1,1,3,3,3,3,1,2,1,3,5,3,4,2,2,3,4,2,3,3,3,2,2,2,4,4,3,4,4,3,3,4,3
493,2,3,2,1,2,3,3,2,1,2,2,4,3,2,3,3,2,3,2,2,2,2,2,1,3,3,2,1,2,2,2,2,3,2,2,2,2,2
497,2,4,4,4,2,2,3,3,4,4,4,3,3,3,3,3,3,3,3,3,3,3,3,3,3,3,3,3,3,3,4,4,2,3,4,3,4,3
499,2,3,4,4,2,2,3,3,3,4,3,3,3,3,3,3,3,3,3,3,3,2,3,3,3,3,3,2,3,2,2,2,4,2,2,2,2,2
512,2,2,2,2,2,2,3,3,2,2,3,3,3,3,4,3,3,3,2,3,2,2,2,2,3,3,3,2,2,3,2,2,3,2,2,2,2,3
516,2,3,3,2,1,1,2,2,2,2,2,2,1,1,4,5,5,4,5,2,1,1,2,3,4,4,3,2,3,5,3,3,3,3,3,4,5,2
524,2,3,1,1,1,1,1,1,1,1,1,1,1,1,4,5,5,5,4,2,3,5,4,4,4,4,2,3,4,4,2,2,5,4,2,2,2,2
528,2,1,3,2,1,1,3,3,4,4,4,2,2,3,3,4,3,3,4,4,2,2,2,3,2,2,3,2,2,2,3,2,4,3,4,2,4,4
529,2,3,3,2,1,1,3,1,3,1,3,1,2,1,4,4,5,5,4,3,4,4,2,1,3,4,3,3,2,4,2,3,5,4,3,4,5,3
537,2,2,2,4,2,3,3,4,3,5,4,3,2,4,3,3,3,3,3,3,3,3,2,3,3,3,2,2,2,2,2,1,2,3,2,2,4,2
541,2,3,2,2,1,2,2,2,2,2,3,2,2,2,4,4,3,3,2,2,3,2,2,2,3,3,2,3,2,3,3,4,4,3,4,4,4,4
546,2,3,4,1,1,1,2,1,2,2,2,2,2,1,4,5,4,4,4,2,4,3,4,3,4,4,2,3,3,4,3,2,4,3,3,3,3,3
549,2,3,3,2,1,1,3,3,3,3,3,3,2,3,5,5,5,5,5,5,3,4,4,5,4,4,4,3,4,5,4,4,5,3,4,2,4,4
553,2,2,1,1,1,1,1,1,1,1,2,1,1,1,5,4,5,5,3,5,5,4,5,4,4,4,4,4,4,4,3,4,4,4,3,3,3,3
554,2,2,2,1,1,1,1,1,3,2,2,1,2,1,3,4,3,3,4,4,2,2,2,3,3,3,4,2,2,4,3,3,3,3,3,4,4,4
559,2,2,2,2,1,1,3,3,3,3,3,2,2,2,4,4,3,4,4,3,3,3,3,3,4,4,3,3,3,4,3,3,4,3,3,3,4,3
562,2,2,2,1,1,1,2,2,2,2,2,3,2,3,4,5,3,5,4,4,4,4,3,4,3,4,4,3,3,4,4,4,5,3,3,2,4,2
563,2,1,1,3,1,2,3,2,1,1,4,1,1,2,4,4,5,5,5,3,3,4,4,3,5,4,3,3,3,4,5,3,4,4,5,3,5,5
567,2,3,2,2,2,2,2,2,2,2,2,2,1,2,5,5,4,4,4,5,2,3,3,2,4,4,4,2,3,4,3,3,3,2,2,2,3,2
572,2,2,3,3,3,2,3,4,3,4,3,4,3,4,4,5,5,4,3,4,3,3,4,4,3,3,3,3,3,2,2,2,3,3,3,1,2,2
583,2,3,3,3,1,2,3,3,3,2,3,3,2,3,4,4,3,4,4,4,2,3,3,4,4,3,4,2,3,3,3,3,3,3,3,3,3,3
585,2,2,2,2,2,2,2,2,2,2,2,2,2,2,3,3,3,3,3,3,3,3,3,3,3,3,3,3,3,3,3,3,3,3,3,3,3,3
586,2,2,3,3,1,1,3,2,1,2,2,2,2,3,5,5,4,4,5,5,2,2,3,3,5,5,5,3,4,4,2,2,2,4,2,2,3,2
589,2,2,2,2,2,2,2,2,2,2,2,1,2,2,4,4,4,4,4,4,4,4,4,4,4,4,4,4,4,3,3,2,5,3,3,1,4,4
593,2,4,2,2,1,2,1,3,2,2,1,3,2,4,2,4,2,2,2,3,2,3,4,3,2,3,3,2,3,3,3,2,3,2,3,2,2,3
602,2,3,2,3,1,2,2,3,3,3,4,3,2,3,3,4,3,3,3,2,3,4,3,3,3,3,1,2,2,4,4,3,4,3,4,4,4,4
603,2,2,3,2,1,1,3,1,3,1,1,2,3,1,3,4,4,3,4,2,3,2,3,2,3,3,2,2,2,3,3,1,4,4,3,3,3,3
607,2,4,2,1,1,1,2,1,3,4,4,1,1,1,5,5,5,5,5,5,5,3,4,5,5,5,5,4,5,5,4,3,4,4,4,2,5,5
629,2,3,3,4,1,1,2,2,3,4,4,2,2,3,5,5,4,5,4,3,4,4,5,4,4,4,4,4,4,4,3,3,4,4,4,3,4,4
632,2,2,2,2,2,2,2,2,2,2,2,2,2,2,3,3,4,4,4,3,3,3,3,3,2,4,4,3,3,4,3,3,3,2,3,3,4,3
635,2,4,4,3,1,1,4,1,4,2,3,2,3,2,2,4,3,3,5,1,1,2,2,3,2,2,1,1,2,4,4,3,4,3,3,3,4,3
637,2,3,2,2,2,2,2,2,4,4,4,3,3,3,3,3,3,3,3,3,2,3,3,5,3,3,3,2,2,3,3,4,4,4,3,2,4,3
643,2,3,3,4,3,3,4,5,5,5,4,4,3,3,3,3,2,3,4,3,2,1,1,1,3,2,2,1,1,2,2,2,2,2,2,2,2,2
645,2,3,1,1,1,1,3,3,3,4,3,2,1,1,4,5,3,5,3,5,3,4,4,2,4,4,4,2,3,5,4,4,2,3,4,4,5,3
649,2,2,2,1,1,1,1,1,2,2,3,2,1,2,3,5,3,3,5,4,3,3,4,3,2,3,3,2,3,2,3,2,4,3,2,2,5,4
651,2,2,1,1,1,1,1,1,1,1,1,2,2,1,5,5,4,5,5,4,5,5,5,5,4,5,3,4,4,4,3,4,4,4,4,4,4,4
652,2,2,3,2,2,3,2,2,2,1,3,2,2,3,4,4,3,3,3,3,3,3,2,2,3,4,3,3,2,3,2,4,3,2,3,4,4,3
658,2,3,3,2,1,1,4,3,4,4,4,3,2,2,3,4,2,3,2,4,4,3,3,2,3,2,3,3,3,2,2,2,2,3,2,2,3,2
662,2,2,2,2,1,2,1,1,1,2,3,2,2,1,4,4,4,5,2,3,2,3,3,2,3,3,3,2,3,4,4,3,4,4,4,4,3,4
664,2,2,2,2,1,1,1,1,1,1,1,1,1,1,4,5,5,5,5,5,5,4,4,4,4,4,4,4,4,4,3,3,4,3,3,2,4,3
673,2,1,1,1,1,1,1,1,1,1,1,1,1,1,5,5,5,5,5,5,5,5,5,5,4,4,4,4,4,4,4,4,5,4,4,4,4,3
674,2,2,2,3,2,2,3,3,3,3,3,3,2,3,4,4,3,5,5,5,5,5,5,5,4,4,5,3,3,4,3,4,3,3,2,1,3,3
676,2,4,4,3,1,1,4,2,4,4,4,2,3,3,4,5,3,5,3,5,4,4,3,4,4,4,5,3,3,4,3,3,2,4,3,3,4,3
679,2,3,2,2,1,1,2,3,1,1,2,3,2,2,5,5,3,4,5,4,4,4,3,4,4,4,3,3,2,4,3,4,5,4,4,4,3,3
685,2,3,3,1,2,2,3,3,2,4,3,3,2,3,5,5,3,5,5,4,4,4,3,4,5,4,4,3,3,4,3,4,4,3,3,2,4,2
699,2,3,3,1,2,1,3,1,3,1,1,2,2,2,4,4,3,4,4,4,3,2,4,2,3,3,4,2,3,4,4,3,3,3,4,4,4,3
700,2,3,3,3,1,1,2,2,2,3,3,2,2,2,4,3,3,4,5,3,2,3,3,3,3,3,3,2,3,3,3,2,4,4,3,3,4,3
707,2,2,3,3,3,3,3,3,3,3,3,3,3,3,4,4,4,4,3,3,4,4,3,3,2,2,2,2,2,3,3,2,3,3,3,2,3,3
708,2,4,4,4,4,4,4,4,4,4,4,4,4,4,4,5,4,4,2,3,4,3,3,5,3,4,4,3,3,4,3,4,4,3,2,4,4,3
711,2,3,3,3,2,2,2,2,3,3,3,2,2,3,3,3,3,3,3,2,2,2,2,2,3,3,2,2,2,3,3,3,2,3,3,3,4,3
718,2,3,3,1,1,1,1,1,3,2,2,1,1,1,4,5,5,5,5,4,5,5,5,5,4,4,4,3,4,4,4,3,5,4,4,3,5,4
719,2,2,4,3,1,1,3,2,3,3,2,2,1,3,5,5,3,5,5,5,4,4,4,4,4,4,5,4,4,4,4,4,3,4,3,4,2,3
721,2,3,1,2,1,1,1,1,3,3,3,3,3,3,5,5,5,5,5,5,5,5,5,5,5,5,4,4,4,3,5,5,5,4,5,1,5,4
722,2,4,4,2,2,2,2,2,2,2,2,2,3,1,3,3,3,4,2,3,3,3,3,3,3,3,3,3,3,4,3,4,4,3,4,3,4,3
726,2,2,2,2,2,2,2,2,2,2,2,2,1,1,5,5,5,5,1,5,4,3,5,3,4,4,4,2,2,4,3,4,4,3,3,3,4,3
728,2,3,2,2,1,1,2,2,3,2,3,2,2,2,3,4,3,4,4,1,2,2,2,1,3,3,1,2,3,4,3,2,1,2,2,2,3,3
729,2,3,3,4,1,1,1,3,1,2,3,2,1,3,5,5,5,5,5,3,5,4,5,5,5,5,4,3,5,4,4,4,5,3,4,3,4,4
734,2,1,1,1,1,1,1,2,1,1,1,2,1,1,4,5,5,5,5,5,5,5,5,5,4,5,5,5,5,4,4,4,5,3,4,3,4,4
735,2,2,3,3,2,2,2,3,2,2,2,3,2,2,5,5,3,5,5,5,3,2,3,3,4,4,2,4,2,4,4,4,4,2,4,3,4,4
742,2,2,2,2,1,1,1,1,2,2,2,2,1,1,5,5,5,5,4,5,5,5,5,5,5,5,5,5,5,4,4,5,5,4,4,4,5,5
751,2,3,2,2,1,2,3,2,1,2,2,2,2,1,3,3,3,4,2,3,4,3,3,3,4,3,3,3,3,3,4,3,3,3,4,3,4,4
753,2,2,3,1,1,1,1,3,2,3,3,3,4,4,3,4,3,2,5,5,2,2,2,2,3,2,4,2,3,2,2,2,2,2,2,2,2,1
763,2,4,4,4,2,2,3,3,3,3,4,3,3,3,4,5,3,5,5,1,2,4,3,3,4,4,4,3,3,2,3,4,4,4,3,2,4,3
766,2,4,4,4,2,1,1,1,2,2,2,2,2,3,5,5,2,5,5,5,4,3,2,2,4,4,3,3,2,3,4,4,5,3,3,3,3,3
768,2,4,4,4,2,2,3,3,2,2,3,3,2,2,5,5,3,5,4,3,5,5,5,2,4,4,3,4,4,2,3,4,4,4,2,2,2,2
776,2,3,3,3,2,2,3,3,3,3,3,3,3,3,3,3,3,3,3,3,3,3,3,3,3,3,3,3,3,2,2,2,4,4,2,2,2,2
781,2,3,2,3,2,3,3,2,2,2,2,3,2,2,3,4,3,4,4,5,5,5,5,5,4,4,4,3,3,2,2,2,2,2,2,2,3,2
782,2,2,3,2,1,2,2,2,3,3,3,2,2,3,4,5,4,5,1,3,4,3,2,3,4,5,2,4,2,2,5,4,4,4,4,2,5,5
783,2,2,2,2,1,1,2,2,2,1,2,1,2,1,3,3,5,3,4,4,4,3,3,5,4,3,3,2,3,3,3,3,4,5,4,3,4,3
791,2,3,3,3,2,2,2,3,2,3,3,3,1,2,4,5,4,4,4,3,4,4,4,5,4,5,5,5,5,4,4,4,4,4,3,4,4,4
796,2,5,2,2,1,1,5,5,4,4,4,3,2,4,3,4,3,4,4,3,3,3,3,3,3,3,4,3,3,4,3,4,4,3,3,3,3,2
799,2,2,2,3,1,2,3,3,3,2,2,1,1,2,4,4,3,4,4,3,4,3,3,4,4,4,3,4,3,4,4,4,4,3,4,3,5,4
804,2,2,2,1,1,1,2,1,2,2,2,2,2,2,3,3,3,3,3,2,3,3,3,3,3,3,2,3,3,4,4,4,4,3,3,4,4,3
814,2,2,1,2,1,1,1,1,3,3,3,2,1,2,5,5,5,5,5,1,4,4,3,3,5,5,2,3,3,5,3,4,5,5,3,3,4,3
815,2,1,1,1,1,1,2,2,2,3,3,2,2,2,4,5,4,5,5,5,5,5,5,2,4,4,4,4,4,4,4,3,4,4,4,4,4,4
828,2,3,2,5,1,1,2,4,1,4,3,5,1,5,5,5,3,5,5,3,3,3,3,2,4,4,3,3,3,4,4,4,4,3,4,4,4,4
4,3,4,4,4,3,4,4,4,4,4,4,4,4,4,1,2,2,2,2,2,2,3,3,4,1,1,1,1,2,3,3,2,2,4,3,2,3,3
5,3,3,2,2,2,2,2,3,2,3,2,3,3,2,4,3,4,3,4,4,4,4,3,4,2,3,5,3,3,3,2,2,3,3,3,2,2,3
9,3,4,4,3,2,2,3,3,4,4,4,4,4,2,3,3,2,1,1,1,1,1,1,1,3,2,2,1,1,4,2,1,4,2,3,2,4,4
10,3,2,2,2,3,2,3,2,3,2,2,2,2,2,1,1,4,1,1,2,1,3,2,1,1,1,1,1,1,2,3,2,4,4,3,2,3,2
12,3,4,4,4,4,4,4,4,4,4,4,4,4,4,3,2,2,2,2,3,2,2,2,2,2,2,2,2,2,2,2,2,2,2,2,2,2,2
17,3,4,3,3,1,2,2,2,3,3,3,3,3,3,3,5,2,3,3,2,1,2,2,4,4,4,2,1,1,2,2,2,4,3,2,2,3,2
19,3,4,4,4,2,2,2,2,2,2,4,3,2,2,5,3,3,3,2,1,1,2,2,3,4,4,1,1,2,3,3,2,4,3,2,2,4,1
26,3,4,3,3,3,3,3,2,3,3,2,2,2,3,4,2,3,2,2,1,1,3,2,2,4,2,2,2,2,4,3,2,5,3,2,4,3,5
30,3,4,3,3,2,2,3,2,3,3,4,2,2,2,3,5,4,4,2,3,3,3,2,3,3,4,4,3,2,3,2,3,2,4,3,2,3,3
32,3,3,4,3,4,3,4,3,4,3,4,3,3,4,5,4,5,5,4,5,5,5,5,5,5,4,4,4,5,3,4,3,4,4,4,2,3,4
51,3,3,3,3,3,3,3,3,3,3,3,3,3,3,1,1,3,1,1,1,1,1,1,1,1,1,1,1,1,3,1,3,2,1,1,3,4,3
74,3,3,2,1,2,2,1,2,2,2,1,1,2,2,3,3,4,2,3,4,2,5,3,4,2,2,1,1,1,3,3,2,1,2,3,1,4,4
75,3,3,2,1,1,2,2,2,1,1,1,1,2,2,4,2,3,2,2,3,3,3,2,3,3,2,1,1,2,3,3,2,2,3,3,2,4,3
80,3,3,3,3,3,3,4,4,4,4,3,4,4,3,3,3,3,3,3,3,3,3,3,3,2,3,3,3,3,2,3,2,2,3,3,2,4,3
81,3,3,3,3,3,3,3,3,3,3,3,3,3,3,1,1,3,1,1,2,1,2,2,1,1,1,1,1,1,2,2,3,2,3,2,3,3,2
82,3,4,2,1,4,3,3,3,1,1,2,3,3,2,1,1,3,1,1,1,1,1,1,1,1,1,1,1,1,4,3,3,2,3,2,3,3,3
87,3,5,4,5,2,3,4,5,5,5,5,4,4,4,2,3,2,3,4,5,1,2,1,3,2,2,3,1,2,2,2,1,1,2,2,2,3,1
88,3,5,4,3,4,2,4,4,5,5,4,4,4,3,5,4,2,3,5,3,1,3,2,3,3,4,4,2,2,3,2,1,2,3,2,2,2,2
95,3,4,4,4,3,3,2,2,2,2,2,4,4,3,1,1,1,1,2,1,1,1,2,1,1,1,1,1,1,2,2,1,1,3,3,2,3,3
97,3,3,2,2,3,3,3,2,2,2,2,2,2,2,3,3,3,3,3,3,3,3,3,3,3,3,3,3,3,2,1,2,1,2,1,1,2,2
98,3,3,4,2,4,2,4,2,4,2,2,1,4,2,1,1,3,1,1,1,1,2,2,1,1,1,1,1,1,2,3,4,2,2,2,2,3,2
107,3,4,4,4,1,1,3,4,3,3,3,4,4,4,4,5,3,3,3,3,3,4,4,4,3,3,2,2,3,3,2,2,4,3,3,2,3,3
108,3,4,4,3,2,3,3,3,4,4,4,4,3,3,4,4,3,4,1,3,2,2,2,1,4,3,2,1,3,3,4,2,5,3,4,2,4,4
114,3,2,1,1,4,3,3,2,3,3,3,3,3,3,3,1,3,1,1,1,1,4,2,1,4,1,1,1,1,2,3,2,4,4,3,2,4,3
115,3,3,4,1,3,3,4,1,4,3,3,2,5,2,2,1,3,1,1,1,1,2,2,1,1,1,1,1,1,2,2,2,1,2,2,2,2,2
121,3,3,3,3,3,3,3,3,3,3,3,3,3,3,3,3,3,3,3,3,3,3,3,3,3,3,3,3,3,2,3,2,3,3,3,2,2,2
126,3,3,3,3,4,4,4,4,3,3,3,4,3,3,4,2,2,2,2,3,2,2,2,2,3,2,2,2,2,2,2,2,2,2,2,2,2,2
127,3,4,3,3,4,4,3,3,4,4,3,3,3,3,2,2,3,3,1,3,1,3,3,2,2,3,3,2,3,2,2,2,2,3,2,2,2,2
135,3,2,2,2,2,2,2,2,3,3,3,3,3,3,3,4,3,2,3,2,2,3,2,2,3,2,2,1,2,2,3,2,2,2,2,3,3,1
144,3,4,5,5,4,3,4,4,5,3,5,4,4,3,2,4,5,5,4,5,3,3,4,3,1,1,1,1,2,2,3,4,1,2,2,3,3,3
148,3,3,4,3,1,1,2,2,2,2,1,2,3,2,2,3,3,5,3,4,1,2,2,1,2,3,3,1,2,3,3,2,3,2,3,4,4,2
151,3,3,2,1,3,3,2,2,3,1,1,2,3,1,2,1,3,1,2,1,1,1,2,1,1,1,1,1,1,4,3,3,2,3,3,2,3,3
152,3,4,4,2,2,3,3,3,2,3,3,4,3,3,3,4,5,5,4,2,2,3,4,1,3,2,2,1,2,3,2,2,2,2,2,2,2,2
154,3,4,4,4,3,3,4,5,3,4,4,3,4,3,1,1,2,1,1,1,1,1,1,1,1,1,1,1,1,1,1,1,2,2,1,1,2,1
160,3,2,2,3,3,3,4,3,3,4,4,4,2,2,2,4,3,3,3,3,3,4,3,4,3,3,3,3,3,3,3,3,4,3,3,2,4,4
161,3,3,3,2,4,3,2,3,4,4,5,5,4,4,1,3,2,2,2,3,3,2,3,4,2,4,3,1,3,1,3,2,3,1,3,2,3,3
176,3,3,2,2,3,3,2,2,1,1,1,4,3,3,4,1,2,3,3,1,2,3,2,2,1,1,1,1,2,2,3,2,3,2,3,2,3,2
179,3,3,4,1,4,1,4,1,4,1,1,4,5,2,1,1,2,1,1,1,1,1,2,1,1,1,1,1,1,3,2,2,1,2,2,1,2,2
182,3,4,4,3,2,4,2,4,3,3,3,2,2,3,4,5,3,3,4,5,4,4,3,4,3,4,4,2,2,2,2,2,4,3,2,2,3,3
187,3,4,2,3,3,3,3,4,3,2,4,3,3,2,2,3,3,3,3,2,2,2,2,2,3,3,2,1,1,2,2,2,2,2,2,2,2,2
191,3,3,2,2,3,3,2,2,2,2,1,2,2,1,3,2,4,1,3,2,1,3,2,2,2,2,2,1,1,2,3,2,2,2,3,2,4,3
195,3,2,2,1,1,1,3,1,3,3,3,4,4,2,1,4,3,4,1,2,1,4,4,2,2,3,2,1,2,4,2,2,2,2,2,2,3,2
198,3,3,3,3,4,4,3,3,3,3,3,3,3,2,1,1,1,1,1,1,1,1,1,1,1,1,1,1,1,3,2,2,1,1,3,2,3,3
200,3,1,4,3,3,4,2,2,3,3,3,4,4,2,4,4,3,3,4,4,4,3,4,2,4,3,3,2,3,1,2,2,2,4,2,2,2,2
205,3,3,3,1,2,1,2,1,2,1,2,2,2,1,2,3,3,3,4,2,2,3,3,4,2,2,2,2,2,3,2,2,2,4,2,1,2,2
207,3,2,1,1,1,1,1,1,1,1,1,2,2,2,4,5,4,4,2,5,4,4,4,3,3,4,4,3,3,4,4,4,4,3,3,2,4,3
209,3,3,4,2,2,2,2,2,4,3,4,4,3,2,4,4,2,3,3,4,2,2,3,3,4,4,3,1,3,2,2,2,4,3,2,2,2,2
212,3,4,3,4,2,2,4,5,4,3,5,3,3,3,5,4,3,4,5,4,2,4,4,5,5,3,5,2,4,2,2,3,1,4,2,2,2,2
226,3,2,2,2,3,4,3,2,3,2,3,3,4,3,5,2,5,2,2,5,2,3,5,3,3,2,4,2,3,3,2,2,3,3,2,2,3,2
227,3,3,3,4,3,3,3,4,4,4,4,4,4,3,1,2,2,2,1,3,1,2,2,2,2,2,2,1,1,2,2,2,2,2,2,2,3,2
233,3,4,4,3,4,2,4,2,4,4,4,4,4,4,4,2,1,1,2,3,1,1,1,1,4,2,2,1,1,2,2,2,2,3,2,2,2,3
237,3,3,3,3,3,3,3,3,3,3,3,2,3,3,4,3,3,3,3,3,3,4,3,4,3,3,2,3,3,3,2,3,3,3,2,2,3,3
239,3,4,3,3,1,1,2,2,4,4,3,3,3,3,5,4,3,3,3,1,1,1,1,1,3,2,3,2,1,2,2,2,2,2,2,2,4,3
249,3,2,2,4,1,2,3,4,2,3,3,3,2,4,5,4,2,3,4,2,1,2,2,3,5,5,2,1,2,2,3,2,2,2,3,2,3,3
252,3,4,4,3,5,5,5,5,5,5,5,4,4,4,1,1,1,2,3,1,1,1,1,2,1,1,1,1,1,1,1,1,1,2,1,1,2,1
263,3,4,1,1,1,1,2,2,3,3,4,2,3,2,2,1,4,1,1,1,1,3,3,1,2,1,1,1,3,3,4,1,1,4,2,2,3,2
265,3,5,5,5,3,3,4,5,5,5,5,5,5,5,3,3,2,1,3,5,1,3,2,3,2,2,3,1,2,1,2,2,1,2,2,2,2,1
272,3,3,4,4,3,3,3,4,2,3,3,3,4,3,3,2,3,2,2,2,2,2,2,2,2,2,2,2,2,2,2,2,2,2,2,2,2,2
274,3,5,4,3,3,2,3,1,4,2,3,2,4,2,2,1,4,1,2,2,1,4,3,2,1,1,2,1,1,2,2,2,2,4,2,2,4,2
278,3,4,4,4,3,3,2,2,3,3,2,3,2,3,5,5,5,3,5,4,3,3,4,4,4,4,3,3,4,4,3,3,4,4,3,3,4,4
279,3,4,4,4,4,4,4,3,3,4,5,4,5,4,5,4,3,3,4,5,4,5,5,3,5,5,4,2,4,2,2,2,4,3,3,2,3,2
282,3,4,4,3,3,3,3,3,4,4,4,3,3,3,3,3,3,3,3,3,3,3,3,3,3,3,3,3,3,3,3,3,3,2,3,2,4,3
285,3,3,3,3,3,3,3,4,4,3,3,5,4,4,3,2,2,3,2,3,3,4,2,4,3,2,3,2,3,2,1,2,1,3,1,1,1,2
287,3,4,4,3,1,2,2,1,2,3,3,2,2,2,4,4,3,3,3,4,3,1,1,1,4,4,3,2,1,3,2,2,2,2,2,2,2,2
291,3,3,3,4,3,2,2,4,4,3,3,3,3,4,3,2,2,2,2,2,1,1,1,1,5,4,2,1,1,2,2,1,2,2,2,2,2,2
294,3,2,4,4,2,2,2,2,3,3,3,3,3,4,4,3,2,2,2,5,4,3,4,4,4,2,3,1,2,2,1,2,4,3,2,3,4,3
296,3,3,3,3,3,3,3,3,3,3,3,3,3,3,3,3,3,3,3,3,3,3,3,3,3,2,3,3,3,2,2,2,4,3,2,2,2,2
307,3,4,3,4,2,4,2,5,3,5,5,4,2,4,5,5,3,5,5,5,4,4,4,4,4,4,5,3,4,2,2,2,5,2,2,2,2,1
310,3,4,4,4,3,3,3,3,3,3,4,4,4,4,3,2,2,3,3,3,3,3,3,3,2,2,2,1,2,2,2,3,3,3,2,2,3,2
328,3,5,4,4,1,1,4,5,3,3,4,4,3,4,5,5,3,5,5,5,5,5,5,5,5,5,5,3,4,3,2,3,3,4,3,2,3,2
333,3,4,4,3,3,3,3,4,4,4,3,3,4,3,4,3,3,3,4,4,2,2,2,2,2,3,4,1,1,2,3,2,4,2,2,2,2,3
337,3,3,3,3,3,3,3,3,3,3,3,3,3,3,3,3,3,3,3,3,3,3,3,3,3,3,3,3,3,3,3,3,3,3,3,3,3,3
340,3,3,3,5,2,3,5,5,5,5,4,5,3,4,4,4,2,3,3,3,3,2,2,1,3,3,3,1,1,2,2,3,1,3,1,2,3,1
344,3,5,5,5,5,5,5,3,4,4,3,3,2,3,2,3,2,2,3,3,4,4,5,4,2,2,2,2,1,2,3,3,4,3,3,3,4,3
348,3,3,5,5,3,1,3,4,4,3,3,3,4,3,2,3,2,5,4,4,3,4,3,4,2,3,2,3,2,3,4,3,5,4,4,4,4,3
362,3,3,2,2,1,2,1,2,1,2,1,3,2,2,3,4,2,4,2,3,4,4,3,3,3,4,2,2,2,3,4,3,3,2,3,2,4,3
368,3,3,3,3,1,3,1,2,2,2,2,3,2,3,5,4,3,5,5,3,4,4,4,4,4,4,4,3,4,2,3,4,4,4,3,3,3,3
371,3,4,3,3,3,2,3,3,3,4,4,3,2,3,4,3,2,3,3,3,3,3,2,3,3,2,2,2,2,2,3,3,1,2,3,2,3,2
386,3,5,5,5,5,5,5,5,5,5,5,5,5,5,2,2,2,2,2,2,2,2,2,2,2,2,2,2,2,1,2,1,1,1,2,1,1,1
392,3,4,4,5,4,4,4,5,5,4,4,4,3,3,4,4,4,2,3,4,5,5,4,3,2,2,4,3,4,4,3,4,3,3,3,2,2,2
396,3,5,5,4,2,2,4,4,5,5,5,4,4,4,2,3,2,2,1,2,1,1,1,1,2,1,1,1,2,2,3,2,1,2,3,3,4,4
399,3,4,4,2,4,2,4,2,4,2,3,3,4,2,2,1,3,1,1,1,1,2,2,1,1,1,1,1,1,2,4,2,1,3,3,3,4,2
413,3,3,2,2,2,2,2,3,3,3,3,4,4,4,2,2,2,2,2,4,3,5,5,4,1,1,2,1,1,2,2,1,4,2,2,1,2,2
414,3,4,4,4,2,2,2,2,2,2,4,3,3,2,3,3,3,4,5,1,1,1,1,2,2,2,1,1,1,2,1,1,1,3,2,1,2,1
421,3,3,4,1,2,2,3,2,4,3,3,2,3,2,1,5,5,3,5,3,2,5,5,3,1,1,1,1,4,4,4,4,4,5,4,4,4,4
428,3,4,3,5,3,3,2,3,1,1,1,2,1,1,2,4,2,3,2,3,1,1,2,2,3,3,2,4,3,3,3,2,3,3,3,3,3,3
431,3,4,4,4,4,4,4,4,4,4,4,4,4,4,3,2,2,2,2,1,1,1,1,1,2,2,2,2,2,2,3,2,2,2,3,2,3,4
434,3,2,4,4,1,2,3,2,2,2,4,4,4,3,3,4,3,3,4,4,3,3,3,4,3,2,3,2,2,2,3,2,2,2,2,4,3,2
435,3,3,2,1,2,2,2,1,2,1,1,3,3,1,3,2,3,2,2,2,2,2,2,2,2,2,2,2,2,3,3,2,3,2,2,2,3,2
438,3,3,2,1,5,1,4,1,4,1,2,1,4,1,1,1,3,1,2,2,1,2,4,1,1,1,1,1,1,2,4,4,2,3,4,3,4,4
439,3,3,4,2,2,2,3,2,2,1,3,2,4,1,2,3,3,3,1,1,1,2,1,1,1,3,1,1,2,2,3,2,3,3,2,2,4,3
440,3,3,3,2,2,2,2,2,2,2,3,3,3,3,3,3,2,3,2,1,1,1,1,1,2,3,1,1,1,2,2,2,2,2,2,2,2,2
441,3,2,4,1,1,2,3,4,4,3,4,4,4,2,1,2,3,2,2,2,1,1,1,1,3,1,1,1,1,2,2,4,1,2,2,2,2,2
444,3,5,5,4,5,2,5,2,5,3,5,3,5,2,1,1,2,1,1,2,1,3,3,4,1,1,1,1,1,1,2,2,4,3,4,3,4,2
446,3,3,3,2,2,2,2,1,2,2,2,2,3,2,2,2,3,2,2,2,1,3,2,2,2,2,2,1,2,2,3,2,2,3,3,2,4,3
447,3,4,3,2,3,2,3,2,3,2,2,3,2,2,3,5,5,3,3,3,2,3,2,2,3,4,3,2,2,5,3,2,5,4,3,3,4,3
449,3,5,5,2,3,1,4,4,4,4,4,2,2,4,5,4,2,5,5,5,4,3,3,3,3,2,3,2,3,3,2,4,5,4,3,3,4,2
450,3,3,3,2,3,2,3,2,4,3,3,3,4,2,2,3,3,2,2,3,2,2,3,2,2,2,3,2,2,2,2,1,2,3,2,2,4,2
453,3,4,4,2,3,2,4,2,2,2,4,3,3,2,2,4,3,2,3,1,1,2,2,2,2,1,1,1,2,3,2,3,3,2,2,2,3,3
457,3,3,2,2,2,2,3,3,3,3,3,3,3,3,1,2,3,2,2,1,2,2,2,2,2,2,2,2,2,2,2,2,4,2,2,2,2,2
471,3,4,4,4,3,4,4,5,4,5,5,4,4,5,2,3,3,5,4,4,4,5,4,4,1,1,2,1,1,2,2,2,2,2,2,2,2,4
476,3,3,3,3,3,3,3,3,3,3,3,3,3,3,4,4,4,4,4,4,4,4,4,4,3,3,3,3,3,5,5,5,4,4,4,3,5,1
477,3,3,3,3,3,3,3,3,3,3,3,3,3,3,3,3,3,3,3,3,3,3,3,3,3,3,3,3,3,3,3,3,3,3,3,3,3,3
478,3,3,3,2,2,2,2,2,3,2,2,3,2,2,5,5,5,5,5,5,5,5,5,5,4,4,5,4,4,3,2,3,4,4,3,3,4,3
479,3,2,2,2,1,1,1,1,1,1,2,2,2,2,4,5,4,4,3,1,3,3,3,3,3,4,1,3,3,3,3,3,1,1,3,2,3,3
482,3,4,3,3,3,3,3,3,4,4,3,3,3,3,2,2,2,3,2,2,1,1,1,1,2,2,1,1,1,2,2,1,2,2,2,2,3,2
486,3,2,1,1,4,3,3,1,4,1,3,4,3,1,2,2,2,2,2,2,2,2,2,2,2,2,2,1,2,2,2,2,2,3,3,2,2,2
490,3,4,4,2,4,2,4,2,4,2,2,1,4,2,1,2,3,1,2,3,1,3,2,2,1,1,3,1,1,2,4,2,4,3,4,3,5,4
494,3,4,4,1,2,1,4,1,4,3,3,3,3,1,2,5,3,3,4,1,1,4,4,1,2,3,2,1,2,2,3,2,4,3,2,2,3,2
498,3,4,4,4,2,2,4,4,1,2,4,3,3,3,4,4,2,3,1,3,2,2,2,2,4,4,2,1,2,3,2,2,3,3,2,2,3,2
500,3,3,3,1,3,1,3,1,3,1,1,2,3,1,3,4,3,4,5,4,4,4,4,4,3,3,4,3,3,5,4,2,2,3,3,3,4,3
508,3,2,2,2,3,1,1,1,1,1,1,2,1,1,3,3,4,3,2,2,2,3,2,3,3,2,2,2,2,4,3,3,4,3,3,3,3,4
511,3,4,4,2,2,1,3,2,4,1,1,3,2,2,4,5,4,5,5,5,3,3,5,4,4,4,4,3,3,4,3,3,4,4,3,3,4,3
517,3,3,3,3,3,3,3,3,4,4,4,3,3,3,4,3,3,2,3,1,1,1,1,1,3,3,2,1,1,2,2,4,3,2,2,2,3,2
520,3,4,4,2,2,2,1,2,3,3,1,2,3,1,4,5,3,5,5,4,5,1,1,4,4,4,2,1,2,4,3,2,1,3,3,2,4,3
522,3,2,3,3,1,1,2,3,2,3,3,3,2,2,4,4,4,4,4,3,2,3,4,4,4,3,4,2,3,2,3,1,2,3,2,2,1,3
526,3,3,3,2,3,2,3,2,3,2,2,3,3,2,2,1,2,2,2,2,1,1,1,1,2,2,2,1,1,3,3,3,3,2,3,2,3,3
535,3,4,4,4,3,3,3,4,3,3,2,3,4,3,3,2,1,3,4,1,1,2,1,2,2,2,3,1,1,3,3,2,2,2,2,1,2,1
543,3,3,4,3,2,3,3,3,4,3,3,3,3,2,4,5,3,4,5,5,3,3,4,3,4,3,3,3,3,3,3,2,5,3,4,2,4,3
545,3,1,1,1,1,1,1,1,1,1,1,3,1,1,3,5,4,5,5,4,4,4,5,2,4,5,4,2,4,4,3,2,5,4,4,2,3,3
547,3,1,2,2,3,1,1,1,2,2,1,2,3,1,4,2,3,5,4,3,2,2,3,2,3,2,2,2,3,4,4,4,4,4,4,3,5,4
550,3,3,4,4,2,4,4,3,4,4,4,3,3,3,1,3,4,2,2,3,2,2,2,2,3,3,2,2,2,2,2,2,3,3,3,2,3,3
551,3,4,3,3,3,3,2,3,3,3,3,2,2,2,4,4,3,4,3,2,2,3,3,3,3,3,2,1,2,2,3,3,2,4,4,2,4,4
556,3,5,3,2,1,1,3,5,4,4,3,2,3,3,4,4,2,4,4,4,1,2,2,1,3,3,1,1,1,2,3,2,2,2,3,2,3,3
564,3,3,3,3,3,5,5,5,3,3,3,5,3,5,3,4,5,4,4,4,4,5,5,5,3,3,1,1,4,4,2,4,2,3,2,2,2,2
566,3,4,2,1,1,1,4,3,5,5,5,3,3,2,2,4,4,4,3,3,3,3,4,4,3,3,3,2,3,4,4,2,3,3,3,2,2,3
571,3,3,3,3,3,3,3,4,3,3,3,4,3,4,3,3,1,3,3,1,2,2,2,3,3,3,3,3,2,3,3,3,2,3,3,2,4,3
573,3,4,4,4,2,2,3,3,4,4,4,3,3,3,3,3,3,3,3,2,1,3,2,3,3,3,3,1,2,2,2,2,1,2,1,1,1,2
575,3,3,2,3,2,3,2,3,2,3,3,3,2,3,2,3,3,3,3,2,1,1,1,1,2,2,2,1,1,2,2,3,3,2,2,2,2,2
576,3,5,2,2,1,1,2,2,4,4,4,2,2,3,4,5,3,3,4,4,3,3,3,4,4,3,3,3,3,4,3,4,4,3,3,3,4,3
577,3,4,4,1,3,2,4,1,4,1,2,3,4,1,2,2,5,1,2,1,1,4,3,2,1,1,1,1,2,3,2,4,2,3,2,2,3,2
578,3,2,2,1,2,2,2,2,2,2,2,3,4,2,3,5,4,3,4,4,2,3,4,4,3,4,4,2,3,4,3,2,4,3,4,2,4,3
584,3,3,1,1,3,3,2,3,3,2,2,2,3,1,2,2,3,2,3,3,2,3,3,3,2,2,3,1,1,2,2,2,3,2,3,2,3,3
587,3,4,2,2,3,2,2,3,4,5,3,3,4,3,2,3,3,3,2,4,2,3,3,2,1,4,1,1,2,3,2,1,1,2,3,1,3,2
590,3,2,2,2,1,1,1,4,4,4,3,2,3,2,4,5,4,5,2,1,1,3,1,1,3,4,1,1,1,2,4,2,2,2,3,2,3,2
592,3,3,3,4,3,3,4,4,4,4,4,3,3,4,2,3,1,2,2,3,2,2,2,3,2,2,3,1,2,2,2,2,2,2,2,2,2,2
595,3,4,4,4,4,4,4,4,5,5,4,4,4,4,2,1,1,2,3,5,1,1,1,2,1,2,3,2,1,1,1,2,1,1,1,1,1,1
606,3,2,1,1,1,1,2,2,3,3,3,2,2,2,4,5,4,4,4,3,1,1,1,4,4,2,3,1,1,4,3,3,4,3,2,2,3,4
610,3,3,2,1,1,1,2,1,3,1,1,1,3,1,2,4,4,3,3,1,1,5,5,1,3,2,1,2,5,4,4,2,5,4,4,3,4,5
615,3,4,3,4,4,3,3,3,3,2,1,2,3,3,2,3,3,3,3,3,4,3,4,4,3,2,3,3,2,2,3,3,2,2,2,2,2,2
619,3,3,2,3,2,3,2,2,3,3,3,2,2,2,1,2,2,1,1,1,1,1,1,1,2,2,2,2,1,2,2,2,2,2,2,2,2,2
620,3,4,3,2,2,2,3,2,3,3,4,3,3,3,3,5,3,4,4,4,2,2,3,4,3,3,3,2,2,2,2,2,3,3,2,2,2,2
624,3,2,3,4,4,4,4,4,4,4,4,4,4,4,3,2,2,2,2,2,1,2,2,3,2,2,2,1,1,2,2,2,2,2,3,2,3,2
625,3,2,3,3,1,1,3,3,4,4,2,3,3,1,2,3,3,3,3,1,1,2,2,1,2,2,1,1,1,2,4,2,5,3,4,4,4,4
627,3,2,2,3,2,3,2,3,4,3,2,3,4,3,3,3,3,3,3,3,3,3,2,2,2,2,3,1,2,2,2,2,2,4,2,1,2,3
628,3,3,2,2,2,3,2,2,2,2,2,3,3,2,3,2,3,3,3,3,3,3,2,3,3,2,3,2,2,2,2,2,4,2,2,2,3,2
630,3,2,3,3,2,2,2,2,2,2,3,3,3,3,2,2,3,2,3,2,1,2,1,1,2,1,1,1,1,2,2,2,2,2,2,2,2,2
631,3,2,4,4,2,2,3,3,3,3,3,3,2,3,4,5,2,5,5,3,4,3,2,3,3,4,3,3,3,3,3,4,3,3,3,2,3,2
639,3,2,2,3,2,2,2,3,3,2,1,3,2,2,3,3,3,3,2,3,4,4,3,4,2,2,3,2,1,3,2,2,3,4,3,3,4,3
647,3,4,4,4,2,2,3,3,3,2,3,3,2,3,4,4,4,3,5,3,1,2,2,3,4,2,3,1,2,2,3,2,3,3,3,2,3,2
650,3,3,3,4,2,4,3,4,3,3,4,4,3,4,4,4,3,4,4,2,2,2,2,2,4,4,2,2,2,3,2,2,2,2,2,2,3,3
655,3,2,1,2,3,3,4,2,1,2,3,3,2,1,2,3,2,4,2,4,4,2,4,4,4,4,2,3,2,3,3,3,3,3,3,2,4,3
657,3,5,4,4,3,3,3,4,4,3,4,4,3,4,3,3,3,2,3,3,2,2,3,2,3,3,3,1,2,3,2,2,2,3,2,2,4,2
663,3,4,4,4,3,3,4,4,3,3,4,4,4,4,4,3,2,3,2,3,2,1,1,2,4,3,2,2,1,2,3,2,1,2,2,2,5,3
666,3,4,3,3,2,4,1,1,3,4,3,3,3,3,4,3,3,3,3,2,2,2,2,2,3,3,2,3,2,2,3,4,3,3,2,2,3,3
667,3,4,4,4,2,3,3,3,3,3,3,4,4,3,5,2,3,3,3,2,3,3,3,3,4,3,3,2,2,2,2,2,3,3,3,2,3,2
668,3,3,2,2,3,2,3,2,3,3,3,3,3,2,2,3,2,2,2,1,1,1,2,1,1,2,1,1,2,2,1,1,2,3,2,2,2,1
675,3,5,5,5,4,4,5,5,5,5,5,4,4,4,2,3,2,3,2,3,2,1,2,3,1,2,3,2,2,2,2,2,2,1,2,2,2,2
678,3,4,3,4,2,3,4,3,3,4,4,3,3,4,3,1,1,4,2,2,1,2,1,2,2,2,2,2,2,3,3,2,2,2,3,3,3,3
686,3,4,4,1,3,1,4,1,4,1,1,2,4,1,3,3,5,3,3,3,2,4,4,3,3,3,3,2,2,4,4,2,5,4,4,4,4,4
688,3,3,3,3,2,2,2,2,2,2,2,2,2,2,4,4,4,4,4,5,4,2,3,3,4,4,4,4,4,3,4,4,4,4,4,3,4,4
691,3,5,5,5,3,5,5,5,5,5,5,3,3,5,3,3,2,3,3,3,3,3,2,2,3,3,3,2,2,2,2,3,3,3,3,3,3,2
692,3,3,2,2,1,1,1,1,2,1,3,3,2,2,4,4,5,5,5,5,4,4,5,5,5,4,4,3,4,4,4,2,4,4,4,3,5,4
702,3,5,4,5,2,3,4,4,4,4,4,4,2,4,4,5,4,4,5,5,4,4,4,5,4,3,3,2,3,3,3,3,5,3,3,2,3,3
703,3,3,4,5,2,2,2,2,5,5,5,3,4,3,2,2,2,2,2,2,1,1,1,1,2,2,2,2,1,1,2,1,2,2,1,1,2,1
710,3,3,3,4,2,3,3,4,4,4,4,3,3,4,3,4,2,3,4,2,4,2,1,3,3,3,2,2,1,2,2,3,1,2,2,2,3,2
712,3,4,4,2,2,2,2,2,4,4,4,3,4,2,2,4,2,3,2,2,2,3,3,2,2,3,2,2,2,3,2,2,2,3,2,2,3,2
723,3,4,4,4,2,2,1,2,4,3,4,4,3,4,4,5,2,3,4,3,3,3,3,4,3,2,4,2,2,2,3,2,5,3,3,2,3,3
730,3,4,4,4,3,3,4,4,4,4,3,3,3,3,3,3,3,3,3,2,1,2,2,2,2,2,1,1,1,2,3,2,3,2,3,2,4,3
731,3,4,3,3,2,2,2,3,3,3,3,3,3,3,4,4,3,4,3,2,3,2,3,3,3,3,2,3,3,3,3,3,2,3,2,3,3,3
745,3,3,2,3,1,1,1,1,3,2,3,2,2,2,2,5,5,3,4,5,2,5,5,2,2,3,3,1,4,4,3,2,5,4,4,2,4,4
747,3,3,3,4,1,1,3,3,2,3,3,3,1,3,4,5,3,4,4,2,3,3,3,4,2,3,2,3,2,3,3,3,1,2,2,2,4,3
749,3,2,3,3,2,2,2,3,2,4,4,3,2,3,4,4,3,4,2,3,3,3,3,3,3,3,3,3,3,3,3,2,4,3,3,3,4,3
755,3,4,4,2,1,1,3,3,4,3,4,3,3,3,3,4,3,4,5,3,4,3,4,4,3,3,3,3,3,4,4,4,4,3,3,3,4,3
764,3,3,3,4,1,1,3,3,1,1,4,2,2,2,5,5,4,4,5,5,4,3,5,5,5,5,5,3,4,4,4,3,3,3,4,3,4,3
772,3,2,4,3,1,2,2,3,3,3,2,3,3,3,3,5,3,3,4,4,2,2,3,3,2,3,4,2,1,2,3,2,4,3,3,2,3,3
790,3,4,2,2,2,2,4,4,4,4,3,3,3,2,3,3,2,3,2,5,2,2,1,5,2,3,5,3,2,3,3,2,4,3,3,2,5,3
794,3,2,3,3,1,1,3,3,3,3,3,3,3,3,3,5,2,4,4,5,3,3,3,3,2,3,3,2,2,2,2,2,2,3,2,2,2,2
817,3,3,2,3,2,2,2,3,3,3,3,3,3,3,3,3,3,3,3,3,3,3,3,2,3,3,3,3,3,4,4,4,4,3,4,4,5,4
841,3,4,4,4,1,1,3,2,4,4,2,1,1,3,5,5,4,5,5,3,5,5,5,5,5,5,3,3,3,4,4,5,5,4,3,2,4,4
6,4,4,3,4,4,4,4,4,4,4,4,4,4,5,2,1,2,2,2,1,1,1,2,3,3,2,2,2,2,2,1,1,1,2,2,2,2,2
23,4,4,4,4,4,4,4,4,3,3,3,4,4,3,3,3,3,1,3,3,3,1,1,1,3,1,1,1,1,2,2,2,1,2,3,4,2,2
34,4,4,4,4,4,4,4,4,4,4,4,4,4,4,2,1,2,1,2,5,1,2,2,2,2,2,2,2,2,2,2,2,2,2,3,2,4,3
36,4,4,3,3,3,3,4,4,3,3,4,4,4,4,4,4,1,3,2,3,3,2,3,3,3,2,2,1,1,2,3,2,4,2,3,2,3,3
37,4,4,4,4,3,3,4,4,5,5,4,4,4,4,4,4,4,4,4,4,4,4,4,4,2,2,5,2,2,2,3,2,2,2,3,2,3,3
38,4,4,3,3,4,3,4,3,4,3,3,4,4,3,2,2,3,2,2,3,2,2,2,2,3,2,2,1,2,2,3,2,3,2,2,2,3,3
42,4,4,4,4,4,4,4,3,3,3,3,4,4,3,3,1,4,2,2,1,1,1,1,1,3,1,1,1,1,1,2,3,2,2,2,1,3,2
43,4,3,4,4,1,1,3,4,2,2,3,4,2,3,3,4,2,3,3,3,2,2,2,2,2,3,3,1,1,1,3,2,3,2,2,2,2,3
44,4,4,4,4,4,4,4,4,4,4,4,5,4,4,1,1,1,1,1,1,1,1,1,1,1,1,1,1,1,1,2,3,2,1,2,2,2,2
47,4,3,4,4,5,5,3,1,3,2,2,3,3,3,1,1,3,1,1,5,1,2,2,1,1,1,2,1,1,2,3,2,1,2,2,2,2,2
50,4,4,4,4,4,4,4,4,4,4,4,4,4,3,5,1,5,1,1,1,1,3,2,1,4,4,2,1,3,3,4,3,4,4,4,3,4,4
53,4,4,2,2,1,1,4,3,4,2,2,3,4,1,3,4,4,4,5,4,1,1,3,1,2,3,3,2,1,3,3,2,3,3,2,2,3,3
54,4,4,4,4,4,4,4,4,4,4,4,4,4,4,2,2,1,1,1,2,1,1,1,1,2,1,1,1,1,1,1,2,1,1,2,2,2,2
55,4,4,4,4,4,4,4,4,4,4,4,4,4,4,5,5,5,5,5,5,5,5,5,5,4,4,4,4,4,2,2,2,2,2,2,3,3,3
57,4,4,4,4,2,2,5,5,4,3,3,4,4,4,3,2,1,2,3,1,1,1,1,1,3,2,1,1,1,2,2,2,2,2,2,2,2,2
58,4,4,5,5,4,4,3,4,4,4,4,4,4,4,1,1,2,1,2,1,1,1,1,1,1,1,1,1,1,1,1,2,3,3,1,1,2,2
59,4,4,4,4,4,4,4,4,4,4,4,4,4,4,2,2,2,2,2,2,1,1,2,1,2,2,3,1,2,1,2,2,2,2,2,1,2,2
62,4,5,5,5,5,5,5,5,5,5,5,5,5,5,2,1,2,1,1,1,1,1,2,1,1,1,1,1,1,1,1,2,1,2,1,1,1,1
67,4,3,1,1,3,1,4,1,3,1,3,2,5,1,3,5,4,4,2,3,2,4,5,1,2,2,2,1,3,4,3,4,2,4,3,3,3,3
68,4,5,3,4,3,3,5,5,4,4,3,5,4,4,2,3,2,2,3,3,2,2,2,2,2,2,2,2,2,3,1,2,3,2,2,2,2,2
69,4,4,3,3,2,4,2,3,4,4,4,4,2,4,4,3,2,1,3,2,1,3,2,1,4,2,2,1,1,3,4,2,4,3,3,4,4,3
70,4,5,4,5,5,5,4,4,4,4,4,5,5,5,1,1,1,1,1,1,1,1,1,1,1,1,1,1,1,1,1,2,1,1,2,1,1,1
76,4,3,3,1,4,2,3,2,3,3,3,4,3,2,1,1,3,1,1,1,1,1,1,1,1,1,1,1,1,2,2,2,1,2,3,3,3,3
78,4,4,4,3,4,3,4,3,4,2,2,2,5,2,1,1,3,1,1,2,1,3,3,1,1,1,2,1,1,3,2,2,3,3,2,2,3,3
89,4,5,4,2,2,2,4,4,5,5,4,2,2,1,3,3,2,3,4,3,1,3,2,2,3,4,3,4,3,3,2,2,2,4,2,2,2,2
90,4,4,3,3,5,5,5,3,5,3,5,4,5,4,1,1,1,1,1,1,1,1,1,1,1,1,1,1,1,1,2,1,2,2,2,2,2,2
96,4,4,4,4,3,3,4,4,4,4,4,4,4,4,3,3,3,2,3,3,2,2,2,2,2,2,1,1,1,1,1,2,1,2,2,2,2,2
99,4,3,3,3,4,4,4,4,3,3,3,4,4,3,2,1,2,2,3,2,2,3,3,2,3,3,2,1,1,2,3,2,4,3,3,2,2,2
103,4,3,4,3,4,3,4,3,4,3,3,4,4,3,2,1,2,2,2,3,2,2,2,1,2,1,2,1,1,2,3,1,2,3,2,1,2,2
106,4,4,5,3,5,3,4,3,4,4,4,4,4,3,1,1,3,1,1,1,1,1,1,1,1,1,1,1,1,1,1,2,1,3,1,1,2,1
109,4,3,4,3,5,3,5,3,5,5,5,4,5,3,1,2,3,2,2,2,1,1,1,1,1,1,1,1,1,1,2,2,3,2,2,1,3,3
111,4,3,3,3,4,4,3,3,3,3,4,4,4,3,3,1,2,1,1,1,1,1,1,1,2,2,1,1,1,3,3,3,2,2,2,2,3,2
117,4,3,4,3,1,1,2,2,4,4,3,4,4,3,2,1,3,2,4,5,1,2,1,4,3,2,4,1,1,1,3,2,1,1,2,2,3,2
119,4,4,4,3,4,3,4,3,4,4,4,4,4,3,2,1,2,2,2,3,1,1,2,1,2,1,2,1,1,2,2,1,3,2,2,2,2,2
120,4,4,4,4,4,4,4,4,4,4,5,4,4,4,2,2,1,1,1,2,2,2,2,2,3,1,2,1,1,2,2,2,2,2,2,2,2,3
122,4,4,4,2,4,2,4,2,4,2,4,2,4,3,2,2,4,2,2,5,2,1,1,1,2,2,2,1,1,3,4,2,1,2,3,2,4,3
123,4,3,2,2,2,2,3,4,3,2,2,3,3,3,3,3,2,3,3,2,1,1,2,3,3,3,2,1,1,3,2,1,2,3,2,2,2,2
130,4,3,5,2,3,2,5,5,5,5,4,4,4,3,2,2,3,1,1,2,1,1,1,1,2,1,2,1,1,1,1,2,1,3,1,1,1,2
132,4,4,4,4,4,4,4,4,4,4,4,4,4,4,2,2,2,3,3,2,3,5,2,2,3,2,4,2,2,2,2,2,3,3,2,1,2,2
138,4,4,4,3,4,4,4,4,4,4,3,3,4,3,4,3,4,2,3,1,1,1,2,2,4,3,4,2,3,3,2,2,2,4,2,2,3,2
139,4,5,3,3,4,5,3,3,4,4,4,4,4,3,2,2,3,2,3,2,2,2,2,2,2,2,3,2,2,4,2,2,2,3,2,2,3,2
141,4,4,3,3,1,1,1,1,2,1,4,2,1,3,4,4,4,5,2,2,5,5,5,4,4,3,2,1,3,4,3,2,5,4,3,3,4,4
142,4,3,2,1,3,2,1,1,2,1,3,2,3,2,1,2,3,2,1,2,2,3,3,1,1,1,2,1,1,2,4,2,3,3,2,1,1,2
147,4,4,4,3,3,3,3,3,4,4,4,4,4,4,2,4,4,3,3,5,4,4,4,4,3,3,5,5,5,2,2,4,4,4,2,2,2,1
153,4,3,2,2,4,4,3,2,4,3,3,4,4,3,3,1,2,2,1,4,1,2,1,2,3,2,3,2,2,2,2,3,1,3,2,2,2,2
158,4,4,4,4,5,4,4,3,3,4,4,4,3,4,5,5,5,5,5,5,5,5,5,5,4,4,4,5,5,2,1,2,3,4,1,3,2,2
159,4,5,4,3,4,3,5,4,4,4,3,4,4,3,3,3,2,2,3,4,2,1,2,2,3,2,3,1,2,3,2,1,2,3,2,1,2,2
163,4,4,4,4,3,4,4,4,4,4,4,4,4,4,3,3,2,2,3,4,1,2,2,2,4,2,3,1,1,1,2,3,1,2,3,2,3,2
164,4,3,2,2,3,2,4,3,3,2,3,4,3,2,4,3,2,3,3,3,3,3,3,2,3,3,2,2,2,2,3,2,3,3,3,3,5,3
171,4,4,4,2,4,2,4,2,4,2,2,3,4,2,2,2,3,1,2,2,1,2,2,1,2,1,1,1,1,3,3,2,4,3,3,2,3,3
172,4,3,3,3,4,2,4,3,4,3,3,3,4,4,1,2,3,1,1,4,1,1,1,1,1,1,1,1,1,1,2,2,4,2,2,1,2,2
174,4,4,4,4,4,4,4,4,4,4,4,4,4,4,4,3,3,5,1,3,4,3,2,3,3,3,4,1,1,2,2,2,3,3,2,2,3,2
175,4,4,4,2,4,3,4,2,4,2,4,3,4,2,2,1,3,1,1,2,1,2,2,1,1,1,1,1,1,2,2,2,2,3,2,2,2,2
178,4,3,3,2,4,3,3,3,3,3,3,3,3,2,2,1,3,1,1,1,1,1,1,1,1,1,1,1,1,2,3,2,2,1,2,2,3,2
180,4,5,5,5,4,5,4,5,4,3,3,4,4,4,4,5,3,5,5,4,2,1,1,2,3,3,4,2,2,2,2,2,2,3,2,2,2,1
185,4,2,1,2,2,2,3,3,3,3,3,2,2,3,4,2,2,3,3,2,2,2,2,3,4,3,3,2,2,2,3,2,2,3,3,2,4,3
193,4,4,4,4,4,4,4,4,4,4,4,4,4,4,3,5,5,5,5,5,5,5,5,5,2,2,2,2,2,2,2,2,1,2,2,1,2,1
196,4,4,4,2,4,4,4,2,4,2,4,4,4,3,1,1,2,1,1,1,1,1,1,1,1,1,1,1,1,2,1,1,1,2,1,1,1,2
197,4,4,3,3,3,1,4,3,4,4,4,3,4,3,2,1,2,2,1,2,1,1,1,1,2,1,2,1,1,2,2,2,3,2,1,1,2,1
201,4,4,4,4,4,4,4,4,4,4,4,4,4,4,2,2,1,1,1,2,1,1,1,1,2,1,2,1,1,2,3,2,1,2,2,2,2,2
208,4,4,3,3,3,3,2,2,2,2,2,2,2,2,5,5,5,4,3,5,5,4,4,5,4,4,4,3,4,4,4,3,4,4,3,3,3,3
210,4,4,4,4,4,5,4,5,4,5,4,5,4,4,3,2,3,1,2,2,1,2,2,2,3,1,2,1,2,2,2,1,3,3,2,1,2,2
218,4,4,4,3,4,3,4,3,4,3,4,3,3,3,3,3,3,3,3,3,3,3,3,3,3,3,3,3,3,4,3,2,2,3,3,2,4,3
230,4,4,3,3,2,3,2,3,3,4,4,3,4,3,3,2,3,2,3,2,1,3,3,3,3,2,2,2,3,4,4,3,2,4,3,2,3,3
231,4,5,5,4,3,3,4,4,4,4,5,4,4,4,2,3,1,2,2,2,1,1,1,2,2,2,2,1,1,2,2,2,2,1,1,2,2,1
238,4,4,3,2,3,3,4,5,3,2,1,4,3,3,4,3,2,3,4,4,3,2,1,3,4,3,3,2,1,2,1,3,1,2,1,1,2,1
244,4,4,4,2,3,2,3,2,3,2,2,2,2,3,3,3,2,2,3,3,1,1,1,1,3,2,2,2,2,2,2,1,4,2,2,2,3,2
245,4,3,2,1,1,1,2,1,2,1,2,3,3,1,3,3,3,2,2,2,1,2,1,1,2,2,2,1,1,2,3,2,4,3,3,2,4,3
248,4,4,3,2,4,4,3,3,3,3,3,3,2,4,3,1,1,1,1,2,1,1,1,1,2,1,2,1,1,2,2,2,1,2,2,1,2,2
250,4,4,3,3,3,3,4,3,4,3,4,4,3,4,2,2,2,2,3,2,1,1,1,1,2,2,2,1,1,2,2,2,2,2,2,2,2,2
251,4,3,4,2,1,2,2,3,2,3,3,3,1,2,5,4,2,4,3,5,3,3,3,5,5,5,4,1,1,3,3,2,2,5,2,2,2,3
257,4,4,4,4,2,3,3,4,2,3,3,3,3,4,4,4,2,3,4,3,3,2,2,1,3,3,3,3,3,2,2,2,4,3,2,3,3,3
258,4,4,3,4,5,5,4,3,3,3,4,4,4,3,2,2,2,2,1,2,1,1,1,1,2,2,2,2,2,2,2,2,2,2,2,2,2,2
260,4,5,5,5,4,5,5,4,5,4,4,4,5,3,2,2,3,1,1,2,1,2,2,1,3,2,2,1,1,2,1,3,2,3,2,2,2,2
266,4,3,3,2,2,1,2,1,3,4,3,3,4,2,2,4,2,2,2,2,2,2,2,2,3,3,2,1,1,3,3,2,4,3,2,2,4,3
268,4,4,3,3,3,3,4,4,4,4,4,4,4,3,3,2,2,2,2,2,1,1,1,1,3,1,1,1,1,2,2,2,1,2,1,1,2,2
269,4,4,4,3,4,3,4,4,4,4,4,4,4,4,2,1,2,2,2,1,1,1,1,1,3,1,1,1,1,2,2,2,1,2,2,1,2,2
271,4,4,4,4,4,4,4,4,4,4,4,4,4,4,4,4,4,4,4,4,4,4,4,4,3,3,3,3,3,3,2,1,4,4,3,2,2,2
273,4,4,4,5,3,3,4,4,4,4,4,4,5,4,1,1,1,2,1,4,1,1,1,1,1,1,3,1,1,2,2,1,1,2,1,1,2,2
275,4,5,4,4,4,4,4,4,4,4,4,4,4,4,4,1,2,1,1,1,1,1,1,1,2,1,1,1,1,1,1,1,1,2,2,1,2,1
284,4,5,3,3,4,2,4,3,4,3,4,3,4,3,2,3,2,2,5,2,1,1,2,1,2,2,1,1,2,2,2,1,5,3,2,2,3,2
288,4,4,4,4,4,4,4,4,4,4,4,4,4,4,2,3,3,3,3,3,3,3,3,3,3,3,3,3,3,3,2,1,2,2,2,2,2,2
290,4,3,1,1,2,2,1,1,1,1,3,3,2,1,4,1,3,1,3,1,1,1,1,1,4,1,1,1,1,3,3,1,5,3,3,2,2,3
293,4,4,4,4,3,4,4,5,4,5,4,5,5,5,2,3,2,2,2,4,1,1,1,1,3,3,2,1,1,2,2,2,1,2,2,1,1,2
299,4,5,5,5,3,5,5,5,5,5,5,5,5,5,3,1,1,2,2,1,1,1,1,1,3,1,3,1,1,1,2,1,1,1,1,1,1,1
300,4,4,4,4,3,4,4,5,4,4,3,5,3,4,5,4,3,5,3,3,1,2,2,1,5,3,2,1,2,2,2,1,2,3,2,2,2,2
309,4,4,4,4,2,3,4,4,4,3,3,3,3,3,4,4,3,3,2,5,1,2,2,2,3,2,2,1,1,1,1,1,4,4,1,1,1,1
312,4,4,4,4,3,3,4,4,4,4,4,4,3,3,2,3,2,3,3,3,2,2,2,2,3,2,3,1,1,2,2,2,2,3,2,1,3,1
331,4,5,3,3,2,2,3,2,4,4,4,4,4,4,2,4,1,3,1,2,2,3,2,1,4,3,2,2,2,2,3,2,3,2,2,2,2,3
334,4,5,5,5,3,4,4,4,4,3,4,4,4,4,2,3,1,3,2,2,2,1,1,3,2,2,1,1,1,2,3,2,1,1,3,2,4,3
335,4,4,4,4,2,2,2,2,2,2,4,3,3,3,4,4,3,4,5,4,5,5,4,5,4,4,3,4,4,4,4,4,4,4,4,3,3,3
338,4,4,4,4,3,3,4,4,4,4,4,4,4,4,3,1,1,2,3,5,1,1,1,1,3,2,4,1,1,2,1,1,1,1,2,1,2,2
339,4,4,4,4,4,4,4,4,4,4,4,4,4,4,4,4,3,4,4,4,4,4,3,3,4,4,4,4,3,3,3,4,4,4,3,3,3,3
343,4,4,4,4,1,1,1,2,3,3,3,3,3,3,3,4,3,4,3,2,3,2,1,1,3,3,3,1,1,3,4,2,1,3,3,2,4,3
345,4,4,5,5,2,3,4,4,4,4,5,4,3,4,4,3,2,3,5,5,4,2,2,3,3,3,4,3,3,2,1,1,1,3,2,1,2,2
352,4,5,4,4,2,2,4,4,4,5,4,4,3,4,4,3,2,3,4,3,3,3,3,3,3,3,3,2,1,2,2,3,2,2,3,2,2,2
353,4,5,2,2,2,3,2,4,3,3,3,3,3,3,3,3,2,1,1,3,1,1,1,1,2,2,3,1,1,2,2,2,1,2,2,2,3,2
366,4,4,3,3,2,3,3,4,5,4,3,4,3,4,3,4,2,2,1,3,2,2,3,1,3,3,2,1,3,2,3,2,2,3,3,2,3,3
370,4,3,3,4,2,3,3,4,3,4,4,4,3,4,2,2,1,2,2,1,1,1,1,1,2,2,1,1,1,2,2,1,4,2,2,2,2,2
372,4,4,4,4,4,4,5,5,3,3,3,3,3,3,2,2,2,2,2,1,1,1,1,1,1,1,1,1,1,3,2,3,2,2,2,3,3,1
377,4,4,4,4,4,4,4,4,4,4,4,4,4,4,3,4,2,1,1,5,4,1,3,1,3,2,4,1,1,1,2,2,3,1,3,2,2,3
378,4,4,4,4,4,4,4,4,4,4,4,4,4,4,5,5,5,5,5,5,5,5,5,5,4,4,4,4,4,2,2,3,4,4,2,2,2,2
398,4,3,2,1,5,5,1,1,1,1,2,2,3,2,3,1,3,1,1,1,1,1,1,1,2,1,1,1,1,3,4,3,2,2,3,3,4,3
403,4,4,4,4,4,4,4,4,4,4,4,4,4,4,2,4,2,2,2,2,2,2,2,2,2,2,3,2,2,2,2,2,2,2,2,2,2,2
415,4,4,4,3,2,3,4,4,4,3,4,2,3,3,2,5,3,3,3,4,3,3,3,3,2,2,3,2,3,2,3,2,1,3,3,3,4,4
416,4,3,2,1,1,1,2,3,4,3,3,2,3,2,4,5,3,3,4,1,1,3,3,2,3,3,1,1,2,2,2,1,2,3,2,2,3,3
433,4,4,4,4,4,2,4,4,4,4,4,4,4,4,1,3,1,1,2,1,1,1,1,1,1,1,1,1,1,2,2,2,2,1,2,2,3,2
448,4,3,3,3,2,2,2,2,3,3,3,2,2,2,2,3,3,2,2,1,1,1,1,1,2,2,1,1,1,3,4,2,4,2,3,2,4,4
454,4,4,4,3,3,2,4,2,4,2,3,3,4,2,2,3,3,2,2,2,1,2,3,2,1,1,2,1,1,3,4,2,4,3,4,4,3,4
455,4,4,4,2,4,1,4,1,4,4,5,3,4,2,2,4,3,3,3,5,3,3,3,3,2,3,4,3,3,3,3,2,4,4,2,2,2,3
459,4,3,4,3,3,2,3,3,4,4,4,3,4,2,2,3,3,3,4,2,2,3,2,1,3,2,2,2,2,4,2,2,4,3,2,2,4,2
460,4,3,3,1,3,2,3,2,3,2,2,3,4,2,2,3,2,2,3,2,1,1,2,2,2,2,1,1,2,4,2,2,4,2,2,2,3,2
462,4,3,2,2,2,1,3,3,2,2,2,3,3,3,3,2,3,2,5,2,2,2,3,2,3,2,3,2,3,2,4,2,2,3,3,3,3,3
463,4,4,4,4,4,4,4,4,4,4,4,4,3,3,1,1,1,1,1,1,1,1,2,1,1,1,1,1,1,2,2,2,2,3,2,2,2,2
464,4,4,4,4,4,4,4,4,4,4,4,4,4,4,3,3,3,3,3,3,3,3,3,3,3,3,3,3,3,3,3,3,3,2,3,3,3,3
465,4,3,3,2,2,1,2,1,3,2,1,3,3,1,3,4,3,3,4,3,3,2,2,2,2,2,3,2,3,2,2,2,4,3,4,2,4,4
474,4,5,5,3,5,2,4,4,5,5,5,2,3,2,2,3,4,2,2,1,1,1,1,1,3,2,1,1,1,2,3,2,5,3,3,3,3,4
484,4,5,4,4,3,3,3,4,5,5,4,4,4,4,4,3,2,2,1,3,1,1,1,2,3,2,2,1,1,2,2,2,1,1,1,2,2,2
491,4,5,5,3,3,2,5,2,5,4,2,3,5,2,1,3,2,1,3,2,1,1,2,1,1,1,1,1,1,2,3,2,2,2,2,1,2,2
492,4,4,4,4,3,3,4,3,4,3,4,4,4,3,2,2,2,1,1,2,2,2,2,1,2,1,2,1,2,2,2,1,2,2,2,2,3,2
495,4,4,3,3,3,3,3,3,4,4,4,3,3,3,2,2,2,2,2,3,1,3,3,2,2,2,1,1,2,2,2,2,2,3,2,1,2,1
502,4,4,3,3,4,3,3,2,3,2,4,3,3,2,2,3,2,3,2,5,3,2,2,2,2,2,3,1,2,2,2,2,2,2,2,2,4,2
504,4,4,4,3,2,2,4,4,4,4,4,4,4,4,2,3,2,2,2,1,1,1,1,1,1,1,1,1,1,3,3,2,2,2,3,2,3,3
506,4,5,3,4,5,4,4,3,4,3,5,5,4,3,1,1,1,1,1,1,1,1,1,1,1,1,1,1,1,1,1,2,1,1,1,1,1,1
507,4,3,4,4,4,4,3,3,2,3,3,4,4,4,2,2,2,1,1,3,2,1,1,1,2,1,1,1,1,2,2,2,1,1,2,2,4,2
510,4,3,2,2,2,2,2,2,2,2,2,3,3,3,3,3,3,3,1,1,1,1,2,1,2,2,1,2,2,3,3,2,2,3,4,3,5,3
519,4,3,3,3,2,2,3,3,4,4,4,3,3,3,2,3,2,3,2,2,1,1,1,1,2,2,1,1,1,2,2,1,2,2,2,1,3,2
523,4,3,3,1,1,1,4,1,3,3,4,1,3,2,2,3,3,3,3,2,2,3,2,2,2,2,1,1,1,2,3,1,5,3,3,3,3,3
525,4,2,2,1,3,4,4,4,3,3,2,3,3,2,4,3,3,2,3,1,1,1,1,1,4,1,1,1,1,3,2,2,2,1,2,2,2,3
527,4,4,4,4,2,2,4,4,4,4,4,4,3,4,5,4,1,4,3,5,1,2,2,4,4,3,4,1,2,2,2,2,3,3,2,2,2,2
530,4,5,4,4,5,5,5,4,5,4,4,4,4,5,2,2,2,3,2,2,2,2,2,2,2,2,2,1,2,2,2,2,2,2,2,2,5,3
539,4,3,3,1,2,1,2,2,3,2,2,2,3,2,2,4,3,3,3,3,2,3,3,3,3,3,2,2,2,3,4,2,3,3,4,2,4,4
540,4,4,4,3,3,3,4,4,5,5,5,5,5,4,1,1,1,1,1,1,1,1,1,1,1,1,1,1,1,2,2,1,2,2,1,1,2,1
542,4,3,2,1,1,1,3,2,3,1,2,3,1,2,2,5,4,3,5,4,2,3,4,4,4,4,3,1,3,2,2,1,2,3,4,2,5,4
548,4,4,3,4,3,4,4,4,4,4,2,3,3,4,3,4,2,3,3,2,1,2,2,2,3,3,3,1,1,2,2,1,1,2,2,2,2,2
552,4,5,3,1,4,1,4,1,4,3,3,2,4,1,1,2,2,3,1,3,1,3,2,2,1,2,4,1,2,3,2,4,2,2,3,2,4,2
555,4,4,4,3,4,4,4,3,3,3,3,4,5,3,2,3,2,2,2,2,2,1,1,1,1,2,1,1,1,2,2,2,3,2,2,2,3,2
557,4,4,3,3,4,4,4,4,3,3,3,4,4,3,1,2,2,1,1,2,1,1,1,1,2,1,2,1,1,3,2,2,2,2,2,2,4,2
560,4,3,4,2,2,3,2,1,4,3,3,2,4,1,2,3,4,2,1,4,3,3,2,1,1,2,3,1,2,2,4,1,5,4,4,2,4,4
561,4,5,5,5,3,4,5,5,4,5,5,4,4,4,3,4,2,2,3,2,1,2,1,2,2,1,2,1,1,1,2,1,2,2,2,1,2,2
569,4,4,4,4,1,1,2,2,4,3,4,3,3,3,3,4,2,2,4,1,1,2,2,1,3,3,1,1,2,4,3,2,2,3,3,3,4,3
580,4,4,4,3,4,3,4,3,4,3,4,4,4,3,1,1,1,1,1,5,1,2,2,1,1,1,2,1,1,2,2,2,2,2,2,2,3,3
581,4,5,4,3,1,2,2,2,1,1,3,4,3,4,4,5,3,3,3,3,3,3,3,4,3,3,3,2,2,2,2,1,2,3,3,1,2,2
588,4,4,4,2,2,4,3,4,4,3,2,3,3,3,3,3,5,4,3,5,2,2,4,3,4,3,2,2,3,3,3,2,4,2,2,4,3,3
594,4,4,4,4,3,3,4,4,4,4,4,4,4,4,2,2,2,1,2,2,1,1,1,1,2,2,1,1,1,2,2,2,2,2,2,1,2,2
596,4,4,4,4,3,3,3,3,3,3,3,3,4,4,4,4,4,5,4,4,5,4,5,4,4,4,4,4,4,2,2,2,3,3,3,2,2,2
608,4,4,3,1,2,1,3,1,3,1,1,2,3,1,2,3,3,3,3,2,2,3,4,1,2,2,1,2,2,3,3,2,4,3,3,2,3,3
609,4,4,4,3,2,1,3,1,4,4,4,4,4,2,2,3,2,2,2,1,1,1,2,2,2,2,1,1,2,2,2,2,2,2,2,2,2,2
612,4,4,3,1,3,2,3,2,3,3,3,3,3,2,2,3,2,2,2,2,2,2,2,2,2,2,2,2,2,4,3,2,4,4,3,2,3,2
613,4,4,3,3,3,2,3,3,4,3,3,3,3,3,2,2,2,2,3,1,1,1,2,1,2,2,1,1,1,2,2,2,4,2,2,2,2,2
614,4,3,3,2,2,1,3,2,3,2,1,3,3,2,3,3,2,3,3,2,2,2,2,2,3,3,2,1,2,3,3,2,4,3,2,2,4,2
616,4,4,4,4,2,2,3,3,4,4,3,3,2,3,5,3,3,4,4,1,2,2,2,4,3,3,2,1,2,2,2,2,3,3,2,2,3,2
622,4,4,4,4,2,2,2,2,3,3,3,4,3,4,4,4,2,3,3,5,5,4,3,4,3,3,4,2,2,2,2,4,5,3,2,2,2,2
626,4,4,4,3,4,4,4,3,4,3,3,4,3,3,2,2,2,1,2,1,3,2,2,1,1,1,1,1,1,2,2,2,1,1,2,2,2,4
634,4,4,4,3,2,2,3,2,3,2,3,2,3,2,3,5,3,3,5,3,2,2,3,3,3,3,2,2,2,4,3,2,5,3,2,2,4,3
644,4,4,4,3,3,3,4,3,4,3,4,4,4,3,3,3,2,3,3,2,3,3,3,2,3,3,2,2,3,4,3,2,4,3,3,2,4,2
653,4,5,5,5,3,1,3,3,4,4,4,3,4,3,3,4,3,3,1,2,2,3,3,2,3,3,2,2,2,3,3,2,2,2,2,2,3,2
654,4,3,3,3,4,2,4,4,4,4,4,4,4,3,2,3,2,3,3,3,2,2,2,1,2,3,2,2,2,4,3,2,3,2,3,2,3,3
660,4,3,3,3,1,1,1,1,3,3,3,2,2,2,4,4,3,2,3,2,2,2,3,2,3,3,2,2,2,2,2,2,4,3,3,2,3,3
670,4,3,2,2,3,2,3,3,3,4,4,3,3,3,2,3,2,3,3,3,2,2,2,2,2,2,3,1,2,2,2,2,2,2,2,2,2,2
671,4,4,3,2,3,2,3,2,3,2,3,2,3,2,1,2,2,1,1,3,1,1,1,1,1,1,3,1,1,2,2,1,3,2,2,2,3,2
687,4,3,3,4,3,2,3,3,3,3,3,3,3,3,3,3,3,3,3,5,1,1,1,2,3,3,4,3,3,3,2,2,3,3,2,2,3,1
705,4,4,4,4,3,3,4,4,4,4,4,4,4,4,3,3,2,3,3,5,3,3,3,4,3,3,4,3,3,2,1,1,2,3,1,1,1,1
713,4,4,3,3,3,2,2,2,3,3,3,3,3,3,4,3,3,3,3,4,3,3,3,4,3,3,4,2,3,2,4,2,5,4,2,2,5,4
714,4,2,2,4,1,4,1,3,1,4,5,4,2,4,5,5,2,3,5,4,3,2,4,5,4,4,3,2,3,2,3,2,2,4,3,2,4,4
717,4,5,4,3,5,4,4,3,2,1,1,3,3,4,2,1,2,2,5,1,1,1,1,1,2,1,1,1,1,2,2,1,1,2,2,1,2,3
748,4,5,5,5,4,3,4,4,5,4,5,4,4,5,2,3,1,3,3,1,1,1,1,1,2,2,1,1,1,2,2,1,2,2,2,1,1,2
773,4,3,3,2,3,4,4,3,3,2,1,3,2,3,3,2,2,1,2,2,1,3,2,2,4,2,3,1,2,3,1,1,3,3,3,3,2,2
3,5,5,5,5,5,5,5,5,5,5,5,5,5,5,3,3,3,2,3,3,3,3,3,3,3,3,2,3,3,3,2,2,2,2,2,2,2,2
28,5,4,4,3,4,4,4,4,4,4,4,4,4,4,4,4,2,2,2,3,2,2,2,2,2,2,2,2,2,2,2,2,4,3,3,1,3,3
31,5,5,5,5,4,4,5,4,4,4,3,5,5,5,4,4,5,5,5,2,2,3,4,4,5,5,5,5,5,1,3,2,3,4,4,1,2,3
39,5,4,4,2,5,2,5,2,3,1,2,4,4,1,4,5,3,3,4,5,3,4,3,1,4,5,5,2,3,4,2,1,5,3,2,2,2,3
49,5,4,5,4,5,4,5,4,4,4,4,4,4,4,1,1,1,2,1,2,2,2,1,1,1,2,2,3,3,2,2,1,2,2,2,2,2,2
63,5,5,5,5,5,5,5,5,5,5,5,5,5,5,2,2,2,2,2,2,2,2,2,2,2,2,2,2,2,2,3,2,2,1,2,2,3,3
64,5,4,4,4,4,4,4,4,5,5,5,5,5,5,1,1,1,1,1,2,2,1,1,1,1,1,2,1,1,1,1,1,1,1,1,1,1,1
71,5,4,3,3,4,4,3,3,3,2,2,4,3,3,3,1,2,1,1,2,1,2,2,1,2,1,1,1,2,2,2,1,2,1,2,2,3,2
86,5,4,2,2,4,4,3,3,4,4,3,4,4,3,1,1,2,1,1,2,1,2,2,1,1,1,2,1,2,2,3,4,2,2,2,2,3,2
92,5,5,5,5,5,5,5,5,5,5,5,5,5,5,2,1,1,1,1,1,1,1,1,1,1,1,1,1,1,1,2,1,1,1,2,2,3,2
94,5,3,4,1,5,4,4,1,4,1,1,2,4,1,2,2,2,1,1,3,2,1,2,1,1,1,1,1,2,3,2,2,1,2,2,2,2,2
100,5,4,4,4,5,5,4,4,5,5,4,5,5,5,2,1,1,1,1,2,1,1,1,1,1,1,2,1,1,1,2,1,2,1,2,1,2,2
102,5,4,4,4,3,4,4,3,4,3,4,4,4,4,1,2,1,2,2,2,1,1,1,1,2,2,2,1,1,3,3,2,1,2,2,2,3,2
104,5,3,1,1,1,1,2,1,1,1,1,2,2,2,3,4,3,3,3,2,2,3,2,3,2,2,2,3,2,2,4,2,4,3,4,2,3,4
116,5,4,4,4,4,4,4,4,4,4,4,5,5,4,1,2,1,3,1,2,1,1,2,1,1,2,2,1,2,3,2,2,4,2,2,2,2,3
118,5,5,5,3,4,3,5,4,5,5,4,4,4,4,2,1,2,1,2,1,1,1,1,1,2,2,1,1,1,2,3,1,3,1,3,2,3,2
129,5,5,5,3,3,4,3,4,3,4,4,4,4,4,3,3,2,3,3,5,4,4,2,4,3,2,4,3,2,3,3,2,2,2,2,2,3,4
149,5,5,4,4,3,4,4,3,3,4,5,4,5,4,1,1,2,1,1,4,1,1,1,1,1,1,1,1,1,2,3,1,3,2,3,2,2,3
166,5,5,5,5,5,4,5,4,5,5,5,5,5,5,1,1,1,1,1,1,1,1,1,1,1,1,1,1,1,1,1,1,1,1,1,1,1,1
184,5,5,5,3,5,5,5,3,5,3,5,4,4,3,2,2,3,2,3,2,1,2,2,2,2,1,1,1,1,2,2,2,2,3,2,2,3,3
188,5,5,4,4,4,4,4,4,4,4,4,5,4,4,4,3,1,3,2,5,2,1,3,2,4,2,5,2,4,2,1,2,4,3,2,1,1,2
194,5,5,5,5,5,5,5,5,5,5,5,5,5,5,1,1,1,2,2,1,1,2,1,1,2,2,1,1,1,1,2,2,1,3,2,2,2,2
217,5,5,5,5,5,5,5,5,5,5,5,5,5,5,1,1,1,1,1,1,1,1,1,1,1,1,1,1,1,1,1,1,1,1,2,1,2,1
220,5,5,5,4,4,4,5,4,5,5,4,4,4,4,2,2,2,1,2,4,1,2,2,2,3,1,4,1,1,2,2,1,3,2,2,1,4,3
221,5,4,3,2,3,3,3,2,3,2,3,3,3,2,2,2,2,1,2,2,1,2,2,2,1,1,2,1,2,1,2,1,3,3,2,1,2,2
236,5,5,5,5,5,4,5,5,5,5,5,5,5,5,2,1,1,1,1,1,1,1,1,1,1,1,1,1,1,1,1,1,1,1,1,1,1,1
241,5,2,2,2,2,2,3,3,2,2,2,4,4,4,2,3,1,3,4,5,4,3,5,3,2,1,3,1,1,2,3,4,4,3,2,2,3,2
242,5,3,3,3,5,4,3,3,3,3,3,4,4,3,5,2,3,2,2,5,2,3,3,1,3,2,2,1,2,2,3,1,2,3,2,1,3,2
255,5,4,4,2,3,2,4,5,3,3,4,4,3,4,2,1,3,1,1,3,1,2,1,1,3,1,1,1,1,1,2,2,1,2,2,1,2,2
264,5,2,3,4,1,1,1,1,2,2,1,3,2,2,3,3,3,2,3,1,1,1,2,2,3,2,4,3,4,1,3,1,3,4,3,2,3,2
289,5,5,4,4,4,4,2,2,3,3,4,4,4,4,2,2,2,1,1,4,2,2,2,2,2,2,4,1,1,2,3,2,3,2,2,2,3,3
292,5,3,3,2,3,2,3,2,3,2,3,2,3,2,3,1,3,1,1,1,1,2,1,1,3,1,1,1,1,3,3,2,4,3,2,2,2,2
306,5,4,2,3,4,4,2,4,4,4,4,5,3,3,3,2,2,3,2,5,2,2,1,2,4,1,2,1,1,2,2,2,2,1,2,2,3,3
408,5,4,4,1,4,2,4,1,4,2,3,3,3,1,2,2,4,2,2,2,2,2,2,2,2,2,2,1,2,4,3,2,3,3,3,2,4,3
426,5,4,4,2,4,1,4,1,4,2,3,4,4,2,2,2,2,2,3,5,1,1,1,1,1,1,3,1,1,4,2,1,4,1,2,1,3,3
427,5,5,5,3,5,3,5,3,5,3,3,5,5,3,1,1,1,1,4,2,1,1,1,1,1,1,1,1,1,2,2,1,4,2,2,1,4,2
436,5,3,5,3,3,3,5,4,5,3,4,3,4,3,2,3,2,2,4,1,1,1,2,1,1,1,1,1,2,2,2,1,3,2,2,2,3,2
452,5,5,5,5,5,5,5,5,5,5,5,5,5,5,1,1,1,1,1,1,1,1,1,1,1,1,1,1,1,1,2,2,1,1,2,2,3,2
473,5,5,5,3,3,2,5,3,5,5,5,5,3,4,1,2,2,1,2,1,2,2,1,2,1,3,1,3,1,3,3,2,3,4,1,1,2,2
488,5,5,5,3,5,5,5,3,5,3,5,3,5,3,1,1,2,1,1,1,1,2,2,1,1,1,1,1,2,1,2,2,2,3,2,2,2,2
532,5,4,3,4,2,1,3,2,2,3,4,4,3,4,3,5,3,2,2,2,2,2,3,1,1,2,1,2,2,2,2,1,3,3,2,2,2,2
538,5,4,4,3,4,3,4,3,4,4,5,4,4,3,2,1,3,1,1,3,2,3,3,2,2,1,2,1,2,2,2,1,1,2,2,1,2,2
582,5,3,3,3,3,2,3,2,3,2,3,2,4,1,2,1,3,1,2,1,1,2,2,1,3,1,1,1,2,3,2,2,4,4,2,1,2,2
600,5,4,4,4,3,3,4,4,3,3,2,4,4,3,2,3,2,1,2,2,1,1,1,1,2,1,2,1,1,2,2,2,2,1,1,1,2,2
601,5,3,4,3,3,3,4,4,4,4,3,4,4,3,3,5,5,1,3,3,1,2,2,1,1,1,2,1,2,3,2,1,1,3,2,1,3,4
623,5,4,4,3,2,4,5,4,4,3,3,4,5,4,2,5,2,2,2,5,4,3,3,2,3,3,4,2,3,3,3,2,3,3,3,2,3,3
656,5,5,5,4,3,3,2,2,5,5,5,4,4,3,2,2,2,2,3,1,1,1,1,1,2,1,1,1,1,1,2,1,1,2,1,1,2,1
684,5,5,5,5,4,5,5,5,5,5,5,4,4,5,2,2,2,2,2,1,2,2,2,1,2,2,1,1,1,1,2,1,1,2,2,1,1,2
690,5,4,4,4,4,4,4,4,4,4,4,5,4,4,2,2,2,1,2,1,1,1,2,1,1,1,1,1,1,2,2,2,2,2,2,2,2,2
725,5,5,5,5,5,5,5,5,5,5,5,5,5,5,1,1,1,1,1,1,1,1,1,1,1,1,1,1,1,1,1,1,1,1,1,1,1,1
736,5,5,5,5,3,4,5,5,5,5,5,5,4,5,3,3,1,3,3,1,1,1,1,1,3,2,1,1,1,2,1,1,1,2,1,2,1,1