huffpo,washwire,engadget,techware,deadline,heckler,money,finsense
6.74,26.96,37.07,10.11,6.74,57.29,10.11,3.37
10.18,5.09,5.09,10.18,25.45,35.63,30.54,5.09
22.4,44.8,44.8,11.2,28,84,72.8,5.6
392.46,265.86,145.59,31.65,50.64,101.28,31.65,113.94
13.76,6.88,6.88,13.76,13.76,13.76,13.76,13.76
7.89,23.67,7.89,7.89,23.67,15.78,15.78,7.89
40.5,16.2,8.1,24.3,24.3,16.2,32.4,16.2
32.64,40.8,32.64,8.16,16.32,8.16,8.16,16.32
8.16,24.48,16.32,8.16,8.16,8.16,8.16,8.16
33.88,84.7,33.88,33.88,16.94,8.47,25.41,59.29
8.51,17.02,17.02,25.53,8.51,8.51,17.02,8.51
34.28,94.27,17.14,17.14,42.85,25.71,8.57,34.28
8.58,8.58,8.58,25.74,8.58,8.58,300.3,8.58
17.2,51.6,240.8,180.6,43,94.6,258,25.8
25.86,60.34,68.96,25.86,17.24,34.48,60.34,8.62
52.08,52.08,8.68,8.68,26.04,8.68,8.68,43.4
52.74,8.79,17.58,43.95,8.79,43.95,43.95,96.69
35.24,52.86,17.62,35.24,8.81,8.81,8.81,17.62
26.46,26.46,61.74,8.82,88.2,70.56,44.1,8.82
211.92,61.81,88.3,61.81,17.66,35.32,26.49,61.81
8.83,26.49,26.49,8.83,44.15,52.98,17.66,8.83
61.95,123.9,26.55,8.85,79.65,53.1,26.55,221.25
53.16,70.88,150.62,17.72,70.88,44.3,53.16,53.16
35.56,17.78,35.56,17.78,8.89,26.67,26.67,17.78
26.67,26.67,17.78,53.34,17.78,44.45,17.78,71.12
62.44,80.28,71.36,8.92,124.88,35.68,62.44,71.36
35.72,8.93,26.79,17.86,62.51,44.65,26.79,8.93
71.6,44.75,250.6,26.85,53.7,89.5,53.7,35.8
17.9,44.75,8.95,62.65,8.95,53.7,71.6,187.95
8.96,8.96,44.8,26.88,8.96,26.88,26.88,26.88
72,27,27,18,18,27,27,9
36.08,45.1,9.02,9.02,9.02,18.04,36.08,9.02
27.15,9.05,54.3,27.15,45.25,18.1,9.05,27.15
27.18,9.06,9.06,117.78,18.12,9.06,9.06,181.2
45.3,36.24,126.84,54.36,45.3,72.48,9.06,45.3
27.21,63.49,90.7,18.14,36.28,18.14,9.07,45.35
9.07,18.14,27.21,72.56,18.14,9.07,9.07,544.2
18.16,9.08,9.08,45.4,54.48,54.48,27.24,36.32
9.08,9.08,90.8,9.08,9.08,9.08,27.24,9.08
18.3,18.3,64.05,54.9,36.6,9.15,54.9,73.2
18.3,18.3,36.6,9.15,9.15,9.15,9.15,9.15
9.15,9.15,9.15,9.15,9.15,18.3,9.15,18.3
92,82.8,156.4,92,36.8,46,18.4,46
55.2,46,92,46,9.2,9.2,9.2,46
294.72,165.78,515.76,36.84,147.36,110.52,18.42,73.68
18.42,46.05,27.63,18.42,82.89,9.21,9.21,36.84
202.62,184.2,110.52,46.05,119.73,193.41,64.47,46.05
27.72,9.24,92.4,9.24,27.72,18.48,18.48,27.72
27.72,36.96,18.48,27.72,18.48,36.96,9.24,27.72
92.6,92.6,55.56,46.3,37.04,64.82,55.56,55.56
27.81,18.54,9.27,18.54,18.54,9.27,9.27,9.27
18.54,64.89,83.43,83.43,46.35,27.81,74.16,74.16
46.35,27.81,9.27,148.32,18.54,18.54,18.54,9.27
27.9,46.5,18.6,37.2,9.3,9.3,18.6,74.4
27.93,74.48,27.93,18.62,9.31,27.93,93.1,46.55
55.92,37.28,46.6,83.88,9.32,9.32,37.28,37.28
28.02,9.34,28.02,46.7,9.34,9.34,28.02,18.68
46.75,74.8,65.45,46.75,18.7,28.05,28.05,28.05
9.37,9.37,9.37,9.37,28.11,37.48,65.59,28.11
46.85,46.85,9.37,18.74,37.48,28.11,46.85,84.33
9.38,46.9,9.38,9.38,103.18,46.9,28.14,46.9
28.17,56.34,9.39,28.17,84.51,75.12,225.36,56.34
37.56,9.39,122.07,18.78,9.39,18.78,9.39,37.56
291.4,178.6,28.2,94,112.8,37.6,28.2,9.4
75.2,47,47,47,18.8,47,28.2,18.8
18.82,9.41,9.41,28.23,9.41,9.41,84.69,9.41
37.76,47.2,56.64,9.44,113.28,84.96,56.64,28.32
56.64,75.52,28.32,9.44,66.08,37.76,18.88,28.32
94.5,37.8,141.75,47.25,75.6,9.45,9.45,85.05
236.25,47.25,9.45,47.25,56.7,9.45,18.9,66.15
28.44,47.4,47.4,28.44,9.48,18.96,37.92,18.96
9.5,19,19,19,28.5,38,19,19
66.5,38,66.5,9.5,9.5,47.5,9.5,133
38,28.5,66.5,123.5,28.5,66.5,104.5,19
28.59,28.59,28.59,19.06,9.53,9.53,9.53,38.12
9.54,9.54,76.32,38.16,9.54,133.56,133.56,19.08
543.78,95.4,38.16,28.62,47.7,28.62,57.24,19.08
47.75,38.2,28.65,9.55,47.75,57.3,95.5,66.85
38.2,38.2,19.1,47.75,9.55,9.55,9.55,38.2
76.56,86.13,76.56,19.14,38.28,38.28,28.71,28.71
19.14,28.71,9.57,19.14,19.14,38.28,38.28,38.28
67.13,57.54,19.18,19.18,9.59,9.59,38.36,9.59
38.44,38.44,9.61,9.61,67.27,9.61,9.61,28.83
9.62,9.62,48.1,9.62,48.1,9.62,19.24,19.24
9.62,9.62,38.48,9.62,19.24,38.48,9.62,19.24
9.62,9.62,67.34,9.62,19.24,9.62,202.02,9.62
48.2,9.64,67.48,86.76,19.28,19.28,38.56,115.68
9.65,48.25,19.3,57.9,19.3,57.9,28.95,28.95
19.3,77.2,38.6,9.65,19.3,28.95,9.65,86.85
19.34,9.67,29.01,9.67,29.01,19.34,9.67,29.01
67.76,38.72,19.36,9.68,67.76,29.04,19.36,9.68
19.38,29.07,48.45,184.11,9.69,19.38,9.69,77.52
106.59,67.83,9.69,19.38,48.45,58.14,48.45,67.83
87.3,67.9,38.8,19.4,29.1,48.5,145.5,48.5
97.1,106.81,38.84,48.55,38.84,19.42,29.13,106.81
9.72,19.44,9.72,29.16,165.24,29.16,29.16,58.32
68.11,48.65,48.65,48.65,145.95,48.65,19.46,97.3
19.46,19.46,29.19,9.73,29.19,19.46,19.46,9.73
19.48,9.74,48.7,9.74,29.22,68.18,48.7,29.22
19.48,58.44,48.7,38.96,126.62,38.96,58.44,29.22
9.74,29.22,19.48,9.74,9.74,9.74,38.96,48.7
29.22,9.74,19.48,19.48,9.74,9.74,29.22,29.22
9.75,9.75,39,9.75,19.5,9.75,9.75,29.25
19.52,19.52,97.6,175.68,9.76,68.32,29.28,19.52
29.31,29.31,68.39,9.77,263.79,9.77,68.39,9.77
9.77,19.54,9.77,9.77,29.31,9.77,19.54,9.77
9.78,19.56,39.12,9.78,9.78,9.78,68.46,29.34
29.34,9.78,58.68,58.68,107.58,39.12,29.34,9.78
39.16,117.48,68.53,48.95,48.95,78.32,107.69,97.9
147,137.2,49,19.6,29.4,19.6,9.8,49
58.8,49,98,186.2,78.4,264.6,147,49
39.24,39.24,49.05,9.81,29.43,19.62,29.43,9.81
78.48,39.24,196.2,88.29,68.67,29.43,98.1,9.81
9.82,19.64,9.82,29.46,29.46,9.82,9.82,29.46
39.32,29.49,49.15,78.64,9.83,9.83,19.66,19.66
88.47,157.28,19.66,39.32,49.15,88.47,88.47,39.32
9.83,9.83,29.49,39.32,39.32,19.66,19.66,19.66
216.48,137.76,88.56,108.24,19.68,78.72,19.68,265.68
39.4,59.1,19.7,9.85,68.95,108.35,78.8,157.6
29.55,78.8,108.35,29.55,59.1,39.4,39.4,49.25
19.72,19.72,49.3,19.72,88.74,49.3,69.02,49.3
177.48,118.32,29.58,739.5,335.24,769.08,739.5,59.16
39.44,19.72,49.3,29.58,118.32,39.44,29.58,9.86
29.58,118.32,19.72,88.74,9.86,19.72,78.88,19.72
49.3,88.74,88.74,9.86,39.44,9.86,69.02,128.18
9.87,29.61,39.48,49.35,39.48,9.87,19.74,29.61
98.7,39.48,69.09,39.48,49.35,78.96,19.74,88.83
29.61,49.35,19.74,19.74,19.74,29.61,29.61,49.35
108.57,246.75,138.18,69.09,69.09,59.22,59.22,246.75
19.74,9.87,19.74,19.74,29.61,9.87,9.87,9.87
9.88,19.76,39.52,9.88,19.76,39.52,9.88,19.76
39.56,138.46,69.23,69.23,118.68,19.78,19.78,49.45
29.67,19.78,9.89,19.78,89.01,19.78,9.89,29.67
108.9,49.5,29.7,29.7,49.5,9.9,69.3,297
9.93,19.86,49.65,69.51,19.86,19.86,29.79,79.44
19.88,9.94,109.34,29.82,9.94,99.4,89.46,308.14
49.75,149.25,49.75,9.95,19.9,49.75,29.85,49.75
29.85,89.55,308.45,69.65,69.65,69.65,199,59.7
9.97,29.91,129.61,89.73,129.61,39.88,9.97,79.76
19.94,79.76,9.97,69.79,39.88,49.85,69.79,119.64
9.98,9.98,69.86,109.78,59.88,19.96,9.98,9.98
29.94,179.64,39.92,199.6,9.98,9.98,79.84,219.56
69.93,59.94,29.97,39.96,9.99,79.92,159.84,49.95
30,20,20,30,10,20,10,40
130,70,100,170,20,100,120,200
60,20,20,30,70,60,60,50
70.07,20.02,50.05,10.01,30.03,10.01,10.01,40.04
80.16,10.02,30.06,50.1,10.02,30.06,831.66,150.3
10.02,20.04,30.06,10.02,10.02,10.02,10.02,10.02
140.28,40.08,60.12,30.06,310.62,70.14,10.02,10.02
10.03,20.06,10.03,10.03,20.06,40.12,10.03,30.09
40.12,10.03,20.06,20.06,20.06,20.06,20.06,100.3
50.2,20.08,70.28,110.44,20.08,30.12,120.48,130.52
120.48,50.2,40.16,40.16,140.56,20.08,20.08,70.28
10.05,20.1,30.15,90.45,60.3,60.3,60.3,20.1
20.1,30.15,30.15,10.05,20.1,10.05,30.15,60.3
10.06,10.06,50.3,40.24,20.12,10.06,20.12,10.06
20.12,40.24,60.36,20.12,50.3,20.12,20.12,30.18
30.21,10.07,20.14,30.21,20.14,60.42,10.07,181.26
110.77,90.63,20.14,40.28,10.07,30.21,30.21,40.28
191.52,70.56,70.56,20.16,60.48,40.32,262.08,504
80.64,90.72,40.32,80.64,20.16,70.56,70.56,241.92
10.08,20.16,50.4,60.48,10.08,70.56,50.4,20.16
30.27,20.18,70.63,30.27,80.72,10.09,40.36,10.09
10.1,10.1,50.5,212.1,50.5,40.4,30.3,30.3
10.11,10.11,20.22,181.98,10.11,151.65,131.43,50.55
161.76,283.08,212.31,111.21,121.32,50.55,40.44,454.95
80.88,30.33,40.44,10.11,30.33,30.33,30.33,80.88
121.44,192.28,60.72,91.08,80.96,141.68,161.92,253
30.36,20.24,30.36,192.28,151.8,121.44,101.2,121.44
323.84,273.24,70.84,70.84,70.84,91.08,40.48,141.68
40.52,30.39,40.52,50.65,162.08,50.65,40.52,30.39
50.8,81.28,132.08,101.6,71.12,50.8,101.6,314.96
10.16,10.16,30.48,40.64,40.64,10.16,50.8,30.48
60.96,81.28,20.32,40.64,40.64,30.48,40.64,375.92
193.04,325.12,40.64,30.48,274.32,20.32,10.16,152.4
1666.24,10.16,233.68,10.16,20.32,10.16,111.76,325.12
20.32,20.32,20.32,50.8,30.48,20.32,10.16,30.48
40.64,10.16,10.16,10.16,20.32,40.64,30.48,81.28
183.06,61.02,142.38,61.02,91.53,183.06,61.02,203.4
81.36,40.68,40.68,132.21,20.34,10.17,477.99,50.85
10.17,40.68,40.68,10.17,30.51,122.04,20.34,40.68
81.44,101.8,61.08,40.72,20.36,20.36,101.8,142.52
162.88,91.62,122.16,40.72,50.9,101.8,40.72,20.36
10.18,20.36,61.08,20.36,10.18,30.54,50.9,20.36
40.76,91.71,61.14,213.99,30.57,30.57,10.19,20.38
50.95,20.38,20.38,10.19,10.19,30.57,10.19,142.66
71.33,91.71,30.57,10.19,10.19,61.14,61.14,91.71
40.8,61.2,51,40.8,20.4,30.6,10.2,40.8
20.4,51,30.6,20.4,51,20.4,40.8,30.6
10.2,20.4,81.6,51,30.6,81.6,30.6,20.4
61.26,10.21,40.84,10.21,81.68,142.94,102.1,30.63
61.26,30.63,122.52,61.26,61.26,61.26,20.42,20.42
61.26,51.05,30.63,183.78,51.05,30.63,51.05,183.78
163.36,398.19,91.89,71.47,91.89,112.31,71.47,81.68
40.84,40.84,30.63,30.63,30.63,51.05,10.21,20.42
40.84,61.26,81.68,91.89,20.42,40.84,122.52,61.26
153.3,122.64,153.3,102.2,132.86,40.88,81.76,71.54
40.88,40.88,40.88,91.98,40.88,40.88,51.1,102.2
40.88,81.76,40.88,163.52,51.1,71.54,102.2,40.88
71.54,91.98,30.66,40.88,122.64,30.66,81.76,10.22
81.84,20.46,20.46,30.69,20.46,40.92,20.46,61.38
40.92,40.92,30.69,10.23,10.23,10.23,40.92,20.46
10.23,40.92,30.69,81.84,92.07,20.46,20.46,40.92
10.24,40.96,51.2,40.96,10.24,20.48,81.92,30.72
10.25,10.25,10.25,153.75,51.25,92.25,153.75,41
30.75,30.75,92.25,82,174.25,133.25,112.75,102.5
61.5,123,41,41,20.5,82,112.75,123
30.75,51.25,10.25,10.25,61.5,102.5,82,10.25
30.78,61.56,20.52,30.78,10.26,30.78,20.52,123.12
51.3,20.52,51.3,41.04,61.56,41.04,20.52,20.52
216.09,288.12,72.03,20.58,30.87,20.58,30.87,452.76
82.32,72.03,30.87,51.45,72.03,72.03,113.19,72.03
61.8,10.3,82.4,164.8,195.7,216.3,72.1,72.1
154.5,103,113.3,82.4,51.5,10.3,20.6,133.9
144.34,453.64,82.48,41.24,164.96,30.93,402.09,92.79
61.86,30.93,10.31,123.72,30.93,20.62,51.55,329.92
51.6,30.96,20.64,61.92,20.64,20.64,51.6,41.28
20.64,185.76,61.92,20.64,92.88,72.24,123.84,134.16
113.63,175.61,51.65,144.62,20.66,10.33,258.25,196.27
82.64,61.98,92.97,10.33,258.25,247.92,10.33,113.63
61.98,20.66,41.32,30.99,41.32,144.62,72.31,20.66
10.33,10.33,51.65,72.31,10.33,41.32,10.33,30.99
51.7,51.7,82.72,31.02,10.34,31.02,72.38,134.42
10.34,10.34,51.7,93.06,51.7,31.02,51.7,20.68
31.02,51.7,51.7,41.36,62.04,93.06,20.68,93.06
51.7,10.34,72.38,41.36,62.04,82.72,103.4,103.4
93.06,196.46,237.82,31.02,41.36,10.34,155.1,10.34
62.04,186.12,41.36,51.7,72.38,51.7,51.7,20.68
41.4,124.2,196.65,20.7,31.05,51.75,165.6,103.5
41.4,113.85,41.4,134.55,10.35,20.7,103.5,51.75
403.65,72.45,10.35,20.7,10.35,20.7,20.7,124.2
341.55,72.45,103.5,51.75,41.4,62.1,20.7,238.05
20.7,51.75,20.7,51.75,20.7,10.35,31.05,51.75
20.72,41.44,51.8,31.08,72.52,41.44,20.72,10.36
10.36,31.08,72.52,62.16,62.16,41.44,10.36,10.36
62.16,51.8,31.08,41.44,62.16,103.6,82.88,62.16
103.7,10.37,31.11,31.11,20.74,72.59,31.11,10.37
31.11,10.37,41.48,31.11,20.74,114.07,10.37,20.74
41.48,103.7,20.74,41.48,72.59,10.37,62.22,51.85
41.48,31.11,41.48,31.11,20.74,20.74,20.74,103.7
20.74,62.22,62.22,114.07,10.37,62.22,31.11,51.85
83.04,62.28,72.66,114.18,10.38,10.38,10.38,51.9
51.9,83.04,51.9,166.08,51.9,20.76,62.28,228.36
41.52,41.52,20.76,41.52,83.04,20.76,20.76,41.52
20.8,10.4,31.2,10.4,20.8,20.8,20.8,41.6
31.2,31.2,10.4,104,20.8,41.6,187.2,31.2
72.8,176.8,52,52,644.8,166.4,52,114.4
83.28,20.82,135.33,62.46,72.87,104.1,93.69,104.1
93.69,72.87,52.05,31.23,31.23,31.23,20.82,135.33
104.1,20.82,41.64,41.64,10.41,10.41,93.69,52.05
41.64,10.41,10.41,10.41,83.28,62.46,20.82,20.82
93.78,31.26,20.84,52.1,20.84,10.42,41.68,52.1
145.88,145.88,52.1,52.1,10.42,135.46,41.68,187.56
62.58,41.72,135.59,52.15,73.01,73.01,41.72,31.29
10.43,10.43,20.86,20.86,52.15,104.3,52.15,31.29
41.76,41.76,41.76,83.52,41.76,146.16,198.36,20.88
41.76,73.08,615.96,709.92,511.56,156.6,177.48,31.32
93.96,125.28,146.16,83.52,20.88,52.2,177.48,240.12
41.8,52.25,20.9,10.45,31.35,10.45,20.9,188.1
31.35,10.45,20.9,10.45,41.8,250.8,20.9,52.25
313.5,188.1,10.45,94.05,41.8,20.9,41.8,41.8
94.05,104.5,62.7,83.6,1295.8,94.05,83.6,125.4
62.7,52.25,20.9,20.9,20.9,20.9,62.7,10.45
94.14,62.76,83.68,31.38,52.3,10.46,10.46,10.46
41.84,83.68,41.84,52.3,10.46,10.46,10.46,41.84
20.92,10.46,20.92,73.22,62.76,94.14,167.36,20.92
20.94,41.88,10.47,136.11,41.88,125.64,31.41,73.29
20.94,10.47,41.88,83.76,52.35,52.35,83.76,10.47
20.94,31.41,62.82,94.23,157.05,41.88,41.88,62.82
73.29,157.05,10.47,52.35,62.82,73.29,41.88,20.94
157.2,104.8,146.72,41.92,230.56,52.4,41.92,115.28
62.88,10.48,31.44,10.48,62.88,230.56,125.76,31.44
41.92,31.44,31.44,52.4,41.92,62.88,62.88,52.4
94.41,94.41,157.35,104.9,94.41,251.76,283.23,31.47
83.92,94.41,104.9,83.92,20.98,10.49,167.84,10.49
73.5,31.5,31.5,73.5,21,21,63,10.5
84,21,105,126,42,31.5,42,31.5
126,147,136.5,21,105,126,73.5,105
73.5,73.5,84,168,31.5,21,157.5,556.5
52.55,21.02,73.57,178.67,10.51,21.02,21.02,42.04
21.02,31.53,73.57,63.06,42.04,63.06,84.08,21.02
115.61,73.57,189.18,31.53,73.57,42.04,31.53,73.57
378.36,168.16,94.59,105.1,94.59,73.57,231.22,94.59
84.08,10.51,10.51,21.02,10.51,31.53,10.51,73.57
31.53,10.51,10.51,31.53,31.53,73.57,73.57,21.02
31.56,21.04,10.52,31.56,52.6,10.52,115.72,115.72
52.6,42.08,21.04,63.12,21.04,21.04,31.56,31.56
21.04,21.04,52.6,31.56,10.52,52.6,10.52,10.52
105.2,42.08,94.68,52.6,73.64,21.04,52.6,94.68
42.12,21.06,126.36,73.71,105.3,136.89,94.77,21.06
31.59,10.53,21.06,84.24,94.77,210.6,94.77,52.65
263.5,579.7,168.64,42.16,73.78,52.7,63.24,137.02
158.1,189.72,31.62,21.08,84.32,63.24,31.62,63.24
189.72,147.56,63.24,94.86,94.86,42.16,115.94,189.72
21.08,31.62,137.02,147.56,52.7,105.4,73.78,21.08
21.1,21.1,52.75,63.3,84.4,116.05,105.5,52.75
263.75,63.3,84.4,84.4,116.05,94.95,116.05,189.9
52.75,31.65,126.6,200.45,52.75,21.1,21.1,31.65
21.12,21.12,31.68,42.24,21.12,21.12,63.36,31.68
21.14,84.56,73.99,95.13,52.85,158.55,31.71,84.56
31.71,31.71,31.71,52.85,31.71,31.71,52.85,232.54
402.04,158.7,10.58,31.74,31.74,10.58,581.9,1206.12
10.58,52.9,63.48,529,31.74,10.58,42.32,31.74
137.54,74.06,31.74,10.58,52.9,42.32,327.98,105.8
21.18,63.54,84.72,42.36,74.13,74.13,42.36,31.77
10.6,21.2,84.8,84.8,63.6,31.8,10.6,31.8
254.4,275.6,95.4,74.2,116.6,95.4,53,53
10.6,31.8,10.6,53,21.2,53,42.4,21.2
42.4,137.8,63.6,31.8,53,74.2,74.2,116.6
10.6,31.8,53,63.6,74.2,169.6,31.8,63.6
31.83,53.05,53.05,10.61,116.71,95.49,42.44,84.88
42.44,42.44,31.83,31.83,31.83,10.61,21.22,84.88
63.66,137.93,63.66,10.61,116.71,63.66,63.66,42.44
74.34,21.24,42.48,106.2,21.24,106.2,63.72,159.3
21.24,42.48,127.44,53.1,42.48,95.58,53.1,42.48
106.2,63.72,42.48,95.58,63.72,74.34,116.82,31.86
31.86,63.72,53.1,84.96,31.86,84.96,21.24,42.48
148.68,148.68,53.1,84.96,148.68,116.82,435.42,53.1
138.06,191.16,42.48,21.24,10.62,21.24,10.62,42.48
31.89,42.52,116.93,53.15,63.78,31.89,42.52,31.89
42.56,53.2,191.52,10.64,63.84,244.72,21.28,10.64
10.64,31.92,42.56,170.24,31.92,255.36,106.4,21.28
21.3,31.95,53.25,74.55,85.2,31.95,53.25,74.55
63.9,63.9,95.85,213,95.85,31.95,63.9,53.25
53.25,31.95,117.15,31.95,202.35,191.7,31.95,21.3
31.98,117.26,10.66,117.26,21.32,10.66,31.98,42.64
63.96,63.96,53.3,31.98,10.66,106.6,42.64,42.64
234.52,95.94,437.06,85.28,266.5,159.9,85.28,149.24
10.67,32.01,42.68,64.02,10.67,42.68,64.02,42.68
42.68,42.68,74.69,138.71,64.02,21.34,53.35,21.34
21.34,10.67,42.68,10.67,32.01,21.34,21.34,74.69
64.02,21.34,64.02,74.69,149.38,96.03,117.37,170.72
10.67,10.67,106.7,42.68,42.68,224.07,192.06,10.67
192.24,53.4,181.56,32.04,64.08,192.24,117.48,138.84
32.04,32.04,53.4,64.08,42.72,149.52,42.72,53.4
32.04,21.36,42.72,85.44,74.76,288.36,74.76,64.08
21.36,149.52,96.12,160.2,53.4,10.68,138.84,1003.92
224.49,85.52,42.76,21.38,32.07,10.69,53.45,42.76
64.14,21.38,149.66,21.38,74.83,85.52,64.14,74.83
21.38,53.45,85.52,32.07,53.45,10.69,10.69,117.59
96.21,171.04,192.42,21.38,406.22,53.45,42.76,96.21
53.45,74.83,32.07,10.69,10.69,21.38,21.38,64.14
42.76,32.07,85.52,117.59,32.07,85.52,85.52,42.76
85.52,64.14,64.14,106.9,10.69,10.69,53.45,106.9
64.14,74.83,10.69,64.14,21.38,53.45,21.38,32.07
117.59,64.14,128.28,224.49,32.07,53.45,21.38,85.52
21.38,203.11,42.76,42.76,74.83,42.76,32.07,21.38
149.8,267.5,256.8,10.7,21.4,53.5,10.7,32.1
10.71,21.42,10.71,21.42,32.13,53.55,10.71,10.71
42.84,32.13,107.1,235.62,149.94,32.13,64.26,53.55
32.13,21.42,107.1,107.1,21.42,85.68,192.78,21.42
117.92,107.2,75.04,21.44,85.76,107.2,75.04,75.04
21.44,53.6,42.88,10.72,128.64,21.44,64.32,10.72
160.8,21.44,42.88,42.88,21.44,96.48,42.88,53.6
117.92,117.92,53.6,10.72,139.36,128.64,64.32,139.36
32.16,21.44,10.72,64.32,21.44,75.04,75.04,10.72
150.08,75.04,182.24,150.08,225.12,128.64,182.24,42.88
471.68,192.96,182.24,64.32,268,235.84,235.84,150.08
246.56,171.52,85.76,128.64,96.48,117.92,171.52,182.24
53.65,32.19,75.11,42.92,64.38,75.11,10.73,21.46
64.38,32.19,53.65,42.92,64.38,85.84,128.76,21.46
128.88,161.1,118.14,42.96,193.32,42.96,64.44,171.84
118.14,171.84,10.74,10.74,204.06,42.96,10.74,42.96
53.7,21.48,118.14,53.7,32.22,128.88,139.62,32.22
268.5,214.8,21.48,10.74,10.74,32.22,10.74,32.22
204.25,311.75,225.75,150.5,225.75,301,43,279.5
64.5,10.75,129,75.25,32.25,64.5,311.75,43
43,150.5,161.25,365.5,258,96.75,301,53.75
21.5,64.5,161.25,225.75,989,64.5,64.5,161.25
53.8,21.52,215.2,150.64,96.84,75.32,96.84,75.32
53.8,53.8,139.88,64.56,43.04,53.8,10.76,96.84
53.8,32.28,32.28,64.56,10.76,32.28,75.32,96.84
150.64,161.4,215.2,376.6,21.52,43.04,161.4,172.16
53.8,21.52,53.8,10.76,43.04,53.8,75.32,53.8
64.62,118.47,441.57,64.62,204.63,269.25,64.62,118.47
75.39,53.85,430.8,473.88,107.7,64.62,183.09,86.16
10.77,43.08,21.54,21.54,43.08,21.54,64.62,64.62
21.54,10.77,43.08,53.85,96.93,43.08,215.4,10.77
32.31,43.08,21.54,140.01,32.31,21.54,10.77,21.54
75.46,118.58,140.14,64.68,97.02,43.12,75.46,140.14
398.86,582.12,75.46,21.56,10.78,10.78,43.12,485.1
21.56,64.68,32.34,64.68,53.9,118.58,172.48,118.58
32.37,21.58,21.58,21.58,10.79,10.79,86.32,53.95
64.74,64.74,107.9,86.32,10.79,86.32,140.27,21.58
64.74,10.79,107.9,43.16,10.79,64.74,21.58,75.53
64.74,43.16,32.37,75.53,129.48,53.95,10.79,43.16
10.79,32.37,32.37,118.69,64.74,172.64,32.37,32.37
248.17,399.23,32.37,21.58,97.11,75.53,107.9,10.79
10.79,32.37,10.79,64.74,10.79,53.95,107.9,43.16
280.54,118.69,75.53,107.9,194.22,183.43,86.32,32.37
32.4,64.8,75.6,32.4,86.4,32.4,2332.8,378
54,86.4,108,43.2,162,64.8,21.6,75.6
410.4,237.6,172.8,280.8,496.8,140.4,118.8,388.8
75.6,129.6,75.6,108,129.6,108,172.8,86.4
86.48,10.81,21.62,64.86,172.96,118.91,75.67,32.43
64.86,21.62,64.86,151.34,54.05,54.05,118.91,21.62
32.43,43.24,32.43,281.06,64.86,10.81,227.01,518.88
162.15,54.05,140.53,10.81,32.43,54.05,10.81,129.72
32.43,10.81,21.62,54.05,10.81,32.43,54.05,32.43
21.64,43.28,10.82,32.46,54.1,43.28,43.28,21.64
108.2,43.28,205.58,205.58,119.02,86.56,205.58,64.92
54.1,108.2,21.64,21.64,32.46,32.46,432.8,54.1
43.28,64.92,86.56,108.2,97.38,54.1,97.38,75.74
32.55,75.95,65.1,141.05,162.75,54.25,162.75,86.8
86.8,10.85,21.7,21.7,32.55,21.7,21.7,86.8
32.58,10.86,86.88,260.64,21.72,54.3,130.32,54.3
86.88,86.88,10.86,21.72,54.3,152.04,32.58,10.86
21.72,32.58,32.58,65.16,43.44,54.3,86.88,65.16
10.86,21.72,43.44,32.58,10.86,119.46,21.72,43.44
54.35,108.7,32.61,86.96,76.09,65.22,65.22,119.57
43.52,21.76,163.2,359.04,32.64,10.88,87.04,21.76
163.2,152.32,195.84,174.08,119.68,130.56,21.76,206.72
10.88,21.76,282.88,261.12,21.76,21.76,217.6,54.4
65.34,130.68,54.45,65.34,54.45,54.45,196.02,272.25
413.82,43.56,10.89,108.9,10.89,174.24,21.78,43.56
174.24,141.57,76.23,119.79,98.01,141.57,130.68,87.12
10.9,130.8,32.7,98.1,43.6,119.9,359.7,152.6
21.82,21.82,87.28,32.73,10.91,54.55,54.55,21.82
65.58,120.23,109.3,185.81,98.37,21.86,87.44,76.51
448.13,131.16,120.23,163.95,185.81,54.65,120.23,633.94
830.68,360.69,251.39,65.58,502.78,153.02,65.58,163.95
109.3,98.37,98.37,32.79,32.79,32.79,142.09,109.3
142.09,142.09,142.09,32.79,87.44,54.65,65.58,43.72
120.23,76.51,21.86,87.44,10.93,65.58,54.65,76.51
404.41,437.2,196.74,43.72,21.86,120.23,76.51,76.51
21.86,21.86,43.72,21.86,65.58,21.86,21.86,109.3
54.65,65.58,43.72,43.72,32.79,43.72,65.58,43.72
120.34,65.64,437.6,251.62,229.74,131.28,87.52,76.58
196.92,10.94,54.7,32.82,65.64,54.7,21.88,43.76
120.34,54.7,21.88,32.82,98.46,76.58,131.28,54.7
65.64,240.68,65.64,10.94,98.46,32.82,1072.12,32.82
76.65,87.6,87.6,175.2,54.75,21.9,54.75,98.55
54.75,109.5,361.35,32.85,219,21.9,109.5,284.7
153.3,54.75,175.2,821.25,514.65,383.25,219,98.55
76.72,32.88,197.28,186.32,120.56,21.92,120.56,142.48
153.58,142.61,120.67,76.79,21.94,43.88,87.76,175.52
142.61,98.73,164.55,570.44,460.74,87.76,54.85,131.64
21.94,43.88,153.58,10.97,65.82,54.85,54.85,32.91
32.91,87.76,131.64,274.25,54.85,21.94,65.82,109.7
186.49,153.58,131.64,10.97,175.52,54.85,43.88,32.91
307.16,383.95,65.82,65.82,54.85,21.94,285.22,888.57
153.58,109.7,274.25,120.67,131.64,76.79,21.94,120.67
54.9,98.82,76.86,87.84,76.86,76.86,87.84,65.88
32.94,131.76,43.92,54.9,10.98,10.98,109.8,76.86
241.56,230.58,65.88,32.94,142.74,54.9,164.7,10.98
230.58,76.86,10.98,10.98,32.94,21.96,43.92,21.96
109.8,142.74,54.9,43.92,43.92,10.98,131.76,922.32
197.64,285.48,230.58,307.44,351.36,263.52,395.28,274.5
175.68,252.54,43.92,54.9,43.92,10.98,21.96,65.88
65.94,87.92,54.95,10.99,43.96,10.99,21.98,98.91
10.99,10.99,87.92,109.9,65.94,21.98,32.97,76.93
65.94,65.94,32.97,65.94,21.98,87.92,263.76,153.86
99,33,11,33,33,77,264,187
22,99,11,88,66,11,44,110
33,33,66,55,77,99,110,33
308,330,209,198,374,143,429,154
242.22,451.41,55.05,33.03,352.32,77.07,66.06,110.1
110.1,176.16,341.31,286.26,275.25,165.15,110.1,484.44
110.2,176.32,187.34,99.18,11.02,55.1,1388.52,44.08
132.24,187.34,66.12,165.3,209.38,264.48,143.26,418.76
55.1,99.18,77.14,121.22,11.02,22.04,22.04,66.12
407.74,286.52,110.2,55.1,253.46,143.26,121.22,562.02
66.18,44.12,55.15,242.66,44.12,143.39,363.99,88.24
55.15,66.18,33.09,253.69,319.87,33.09,99.27,595.62
11.03,66.18,44.12,44.12,11.03,88.24,11.03,44.12
154.42,154.42,88.24,55.15,88.24,77.21,11.03,275.75
99.27,209.57,253.69,66.18,33.09,176.48,220.6,33.09
121.44,220.8,132.48,121.44,44.16,77.28,88.32,121.44
22.08,11.04,88.32,88.32,44.16,143.52,132.48,44.16
33.12,44.16,44.16,110.4,55.2,198.72,44.16,66.24
187.68,872.16,165.6,231.84,11.04,44.16,66.24,33.12
44.2,121.55,33.15,55.25,33.15,110.5,33.15,44.2
154.7,287.3,110.5,11.05,176.8,243.1,110.5,77.35
165.75,209.95,209.95,143.65,77.35,88.4,497.25,77.35
110.5,55.25,88.4,453.05,110.5,66.3,1756.95,11.05
44.24,77.42,66.36,132.72,66.36,11.06,99.54,77.42
154.98,77.49,143.91,143.91,44.28,199.26,55.35,88.56
66.42,143.91,309.96,88.56,221.4,265.68,55.35,154.98
321.03,630.99,55.35,11.07,298.89,199.26,154.98,199.26
11.07,11.07,11.07,110.7,22.14,66.42,55.35,132.84
221.6,66.48,132.96,88.64,155.12,221.6,77.56,66.48
44.32,11.08,55.4,77.56,33.24,44.32,11.08,121.88
321.32,55.4,166.2,44.32,720.2,77.56,66.48,22.16
210.71,33.27,55.45,177.44,121.99,166.35,77.63,55.45
33.27,121.99,66.54,66.54,11.09,11.09,11.09,110.9
144.3,155.4,210.9,44.4,166.5,277.5,255.3,288.6
33.33,111.1,11.11,11.11,77.77,77.77,188.87,11.11
33.33,44.44,44.44,44.44,77.77,33.33,66.66,111.1
33.33,66.66,133.32,311.08,66.66,99.99,66.66,11.11
266.64,88.88,122.21,422.18,111.1,88.88,77.77,299.97
344.72,177.92,211.28,77.84,344.72,111.2,222.4,88.96
22.26,111.3,133.56,44.52,77.91,111.3,100.17,11.13
89.04,33.39,155.82,155.82,144.69,11.13,133.56,244.86
89.12,89.12,33.42,66.84,33.42,77.98,100.26,111.4
790.94,557,323.06,133.68,55.7,155.96,66.84,77.98
100.26,44.56,66.84,89.12,66.84,189.38,66.84,33.42
11.15,11.15,22.3,22.3,55.75,11.15,66.9,33.45
178.4,189.55,111.5,11.15,144.95,55.75,78.05,624.4
89.2,200.7,211.85,11.15,200.7,44.6,178.4,446
22.32,22.32,200.88,66.96,145.08,156.24,167.4,11.16
55.8,66.96,100.44,212.04,33.48,11.16,122.76,33.48
55.8,44.64,55.8,100.44,89.28,44.64,133.92,156.24
22.34,11.17,100.53,11.17,44.68,145.21,89.36,55.85
201.06,268.08,89.36,223.4,156.38,111.7,55.85,178.72
145.21,201.06,22.34,11.17,145.21,234.57,78.19,22.34
469.56,883.22,33.54,78.26,55.9,11.18,44.72,67.08
167.7,156.52,134.16,67.08,178.88,190.06,78.26,167.7
178.88,111.8,111.8,44.72,201.24,167.7,469.56,33.54
212.42,346.58,301.86,212.42,145.34,33.54,346.58,458.38
22.36,100.62,167.7,111.8,55.9,44.72,134.16,55.9
44.72,22.36,89.44,44.72,67.08,100.62,100.62,11.18
369.27,402.84,134.28,11.19,89.52,33.57,22.38,145.47
100.71,33.57,179.04,44.76,89.52,67.14,22.38,212.61
44.76,179.04,78.33,279.75,223.8,22.38,212.61,89.52
302.4,212.8,358.4,425.6,224,100.8,156.8,470.4
67.26,78.47,89.68,100.89,22.42,78.47,67.26,33.63
33.63,11.21,134.52,1345.2,145.73,291.46,67.26,123.31
224.2,179.36,224.2,44.84,425.98,100.89,123.31,201.78
56.1,123.42,100.98,179.52,44.88,22.44,168.3,89.76
56.15,101.07,134.76,134.76,67.38,101.07,67.38,11.23
89.84,145.99,89.84,78.61,67.38,33.69,22.46,168.45
11.23,11.23,89.84,67.38,67.38,235.83,190.91,22.46
202.14,190.91,112.3,67.38,101.07,67.38,56.15,145.99
191.08,157.36,325.96,67.44,314.72,44.96,101.16,281
157.36,33.72,281,191.08,56.2,112.4,22.48,101.16
854.24,562,505.8,33.72,281,168.6,820.52,955.4
157.36,281,67.44,11.24,101.16,78.68,56.2,314.72
78.68,67.44,236.04,67.44,44.96,22.48,11.24,483.32
191.25,315,326.25,843.75,67.5,123.75,337.5,123.75
101.25,33.75,123.75,168.75,123.75,45,78.75,78.75
180,135,123.75,292.5,78.75,247.5,247.5,123.75
135,90,562.5,135,236.25,157.5,157.5,112.5
146.38,101.34,202.68,225.2,90.08,146.38,56.3,112.6
11.26,33.78,11.26,33.78,11.26,22.52,45.04,101.34
191.42,168.9,90.08,78.82,135.12,427.88,45.04,90.08
11.26,67.56,157.64,247.72,78.82,123.86,135.12,78.82
157.64,236.46,123.86,123.86,45.04,101.34,33.78,56.3
33.78,78.82,112.6,112.6,157.64,67.56,146.38,394.1
101.34,90.08,168.9,33.78,45.04,180.16,123.86,90.08
428.26,236.67,33.81,11.27,169.05,123.97,22.54,123.97
349.37,135.24,146.51,360.64,135.24,214.13,281.75,157.78
101.43,78.89,11.27,67.62,56.35,101.43,56.35,101.43
90.16,123.97,112.7,78.89,56.35,56.35,33.81,338.1
56.35,101.43,123.97,67.62,45.08,169.05,101.43,135.24
56.35,33.81,157.78,56.35,22.54,33.81,33.81,56.35
45.08,45.08,146.51,67.62,11.27,67.62,11.27,56.35
56.4,45.12,180.48,22.56,22.56,90.24,90.24,22.56
90.32,45.16,22.58,225.8,22.58,135.48,67.74,146.77
349.99,316.12,316.12,270.96,237.09,225.8,609.66,790.3
22.58,11.29,191.93,11.29,214.51,67.74,11.29,22.58
169.35,135.48,79.03,22.58,282.25,237.09,45.16,22.58
33.9,67.8,67.8,90.4,146.9,90.4,67.8,22.6
135.6,79.1,316.4,79.1,327.7,282.5,259.9,67.8
67.8,45.2,90.4,45.2,33.9,158.2,90.4,67.8
79.17,147.03,90.48,147.03,33.93,79.17,180.96,124.41
192.27,45.24,147.03,22.62,180.96,147.03,147.03,22.62
90.48,56.55,79.17,158.34,45.24,169.65,305.37,101.79
181.28,90.64,135.96,135.96,79.31,101.97,79.31,181.28
147.29,271.92,90.64,192.61,22.66,90.64,33.99,67.98
169.95,113.3,11.33,181.28,79.31,22.66,351.23,419.21
136.08,204.12,215.46,90.72,601.02,56.7,317.52,68.04
45.36,22.68,45.36,56.7,22.68,34.02,90.72,68.04
79.38,34.02,45.36,22.68,124.74,102.06,124.74,158.76
215.65,476.7,181.6,147.55,158.9,124.85,317.8,419.95
136.2,215.65,68.1,136.2,170.25,102.15,102.15,136.2
34.05,113.5,158.9,102.15,192.95,147.55,215.65,22.7
136.2,45.4,90.8,363.2,22.7,45.4,306.45,79.45
193.12,79.52,102.24,386.24,79.52,34.08,181.76,522.56
68.22,34.11,113.7,147.81,34.11,102.33,341.1,11.37
68.22,34.11,136.44,79.59,90.96,79.59,68.22,216.03
170.7,273.12,204.84,34.14,398.3,11.38,79.66,45.52
91.04,102.42,11.38,34.14,113.8,91.04,170.7,193.46
22.76,22.76,34.14,102.42,22.76,11.38,91.04,34.14
159.32,204.84,136.56,68.28,227.6,204.84,91.04,91.04
136.68,136.68,125.29,113.9,125.29,34.17,193.63,296.14
444.21,273.36,45.56,34.17,478.38,227.8,535.33,113.9
546.72,501.16,136.68,193.63,227.8,34.17,56.95,11.39
45.56,91.12,136.68,79.73,22.78,45.56,22.78,148.07
182.4,102.6,91.2,216.6,34.2,171,136.8,136.8
228,182.4,205.2,159.6,148.2,68.4,262.2,444.6
102.6,22.8,171,68.4,763.8,34.2,57,22.8
171,102.6,159.6,262.2,239.4,353.4,250.8,285
68.46,57.05,376.53,159.74,45.64,34.23,285.25,810.11
102.69,125.51,193.97,102.69,216.79,216.79,262.43,57.05
171.15,228.2,45.64,57.05,91.28,57.05,798.7,1049.72
102.69,125.51,205.38,57.05,68.46,79.87,262.43,159.74
171.15,102.69,159.74,171.15,193.97,228.2,102.69,68.46
148.46,205.56,388.28,91.36,148.46,91.36,342.6,422.54
34.26,79.94,205.56,91.36,34.26,22.84,137.04,34.26
125.62,79.94,216.98,79.94,1073.48,125.62,102.78,68.52
422.54,262.66,159.88,91.36,399.7,422.54,433.96,274.08
68.58,217.17,57.15,68.58,91.44,22.86,34.29,308.61
205.92,148.72,286,114.4,194.48,148.72,57.2,68.64
297.44,388.96,228.8,240.24,457.6,263.12,354.64,366.08
183.2,68.7,11.45,68.7,57.25,57.25,57.25,114.5
34.35,80.15,80.15,91.6,148.85,240.45,354.95,91.6
114.5,45.8,412.2,583.95,34.35,103.05,423.65,206.1
148.85,125.95,68.7,160.3,91.6,80.15,114.5,229
57.3,80.22,171.9,240.66,206.28,160.44,68.76,126.06
91.76,240.87,137.64,321.16,91.76,57.35,114.7,194.99
344.1,252.34,57.35,114.7,11.47,34.41,321.16,137.64
68.82,172.05,103.23,332.63,229.4,183.52,263.81,481.74
34.44,11.48,57.4,34.44,34.44,126.28,45.92,22.96
57.4,57.4,45.92,137.76,22.96,34.44,241.08,57.4
45.92,45.92,149.24,264.04,126.28,80.36,45.92,34.44
287,172.2,45.92,114.8,103.32,206.64,172.2,160.72
206.64,91.84,80.36,34.44,447.72,264.04,68.88,91.84
80.43,57.45,68.94,22.98,448.11,448.11,91.92,11.49
11.49,11.49,57.45,68.94,68.94,11.49,11.49,287.25
80.43,45.96,11.49,137.88,45.96,57.45,183.84,80.43
207,172.5,57.5,80.5,138,138,115,161
34.5,23,69,11.5,46,80.5,69,69
34.5,172.5,287.5,322,598,23,218.5,4163
69,92,460,379.5,80.5,126.5,264.5,69
126.5,241.5,230,333.5,92,92,172.5,276
161.14,23.02,46.04,11.51,138.12,23.02,23.02,23.02
23.02,80.57,69.06,34.53,11.51,138.12,69.06,103.59
92.16,46.08,126.72,115.2,23.04,92.16,241.92,184.32
115.2,253.44,334.08,149.76,161.28,92.16,184.32,414.72
46.16,69.24,103.86,138.48,11.54,92.32,11.54,57.7
34.62,69.24,415.44,911.66,115.4,11.54,150.02,69.24
369.28,357.74,323.12,634.7,103.86,80.78,242.34,265.42
11.54,23.08,11.54,161.56,46.16,69.24,46.16,219.26
69.24,46.16,115.4,196.18,57.7,115.4,161.56,184.64
138.6,219.45,46.2,23.1,127.05,80.85,34.65,23.1
1062.6,2460.15,57.75,138.6,358.05,219.45,1051.05,196.35
92.4,92.4,150.15,69.3,381.15,127.05,11.55,57.75
23.1,80.85,46.2,34.65,288.75,173.25,161.7,92.4
92.4,173.25,207.9,115.5,34.65,23.1,92.4,138.6
277.2,207.9,404.25,196.35,565.95,80.85,369.6,727.65
173.4,277.44,46.24,57.8,46.24,69.36,127.16,34.68
92.48,127.16,92.48,23.12,196.52,11.56,34.68,104.04
485.52,381.48,289,23.12,427.72,346.8,173.4,46.24
208.26,266.11,80.99,381.81,115.7,104.13,323.96,404.95
208.26,69.42,161.98,150.41,92.56,150.41,323.96,69.42
277.68,150.41,92.56,92.56,161.98,161.98,80.99,23.14
34.71,23.14,23.14,173.55,11.57,104.13,46.28,80.99
80.99,127.27,46.28,34.71,34.71,46.28,543.79,289.25
370.56,428.46,81.06,11.58,185.28,46.32,81.06,208.44
46.32,57.9,104.22,335.82,34.74,46.32,46.32,127.38
127.49,92.72,208.62,231.8,266.57,486.78,289.75,208.62
162.26,208.62,173.85,115.9,220.21,139.08,139.08,173.85
197.03,139.08,81.13,115.9,81.13,57.95,498.37,57.95
57.95,46.36,185.44,347.7,46.36,23.18,81.13,173.85
69.54,92.72,243.39,127.49,231.8,104.31,46.36,23.18
150.67,57.95,57.95,197.03,115.9,127.49,150.67,150.67
92.8,232,58,150.8,34.8,116,69.6,58
92.8,232,255.2,139.2,220.4,232,92.8,232
34.8,81.2,139.2,46.4,81.2,116,23.2,220.4
81.2,371.2,104.4,11.6,185.6,81.2,81.2,58
916.4,661.2,928,34.8,823.6,232,440.8,962.8
220.59,58.05,220.59,92.88,34.83,116.1,116.1,46.44
150.93,301.86,127.71,81.27,162.54,81.27,104.49,104.49
92.88,232.2,1056.51,754.65,104.49,882.36,267.03,58.05
139.44,116.2,174.3,185.92,174.3,81.34,255.64,267.26
58.1,11.62,11.62,46.48,23.24,23.24,81.34,23.24
58.1,58.1,69.72,116.2,34.86,174.3,162.68,34.86
46.48,104.58,302.12,325.36,58.1,11.62,92.96,360.22
93.04,81.41,93.04,325.64,81.41,290.75,348.9,69.78
127.93,81.41,220.97,325.64,127.93,174.45,279.12,139.56
255.86,407.05,174.45,104.67,232.6,162.82,302.38,232.6
232.8,302.64,640.2,465.6,640.2,186.24,197.88,186.24
23.28,11.64,267.72,477.24,34.92,186.24,186.24,116.4
337.56,453.96,69.84,23.28,34.92,34.92,34.92,291
69.9,233,139.8,128.15,174.75,151.45,81.55,174.75
675.7,932,151.45,58.25,81.55,69.9,34.95,128.15
69.96,69.96,93.28,46.64,233.2,221.54,163.24,256.52
58.3,11.66,69.96,11.66,11.66,128.26,11.66,11.66
163.24,128.26,139.92,11.66,233.2,163.24,221.54,46.64
700.2,1167,35.01,23.34,35.01,46.68,303.42,58.35
128.37,46.68,46.68,23.34,35.01,11.67,23.34,245.07
151.71,373.44,361.77,291.75,268.41,128.37,221.73,186.72
105.12,35.04,151.84,116.8,93.44,58.4,58.4,93.44
490.56,268.64,233.6,233.6,93.44,163.52,46.72,140.16
128.48,128.48,105.12,175.2,81.76,175.2,338.72,151.84
502.67,490.98,46.76,23.38,374.08,116.9,58.45,128.59
175.35,23.38,105.21,58.45,198.73,350.7,233.8,128.59
35.07,58.45,93.52,198.73,23.38,11.69,163.66,432.53
222.11,105.21,35.07,11.69,175.35,222.11,303.94,23.38
11.7,11.7,198.9,713.7,105.3,46.8,23.4,23.4
105.3,140.4,187.2,117,128.7,280.8,70.2,35.1
93.6,93.6,163.8,210.6,93.6,93.6,198.9,210.6
187.36,140.52,363.01,269.33,117.1,597.21,351.3,269.33
23.42,11.71,163.94,503.53,175.65,187.36,93.68,35.13
105.57,93.84,621.69,234.6,164.22,304.98,93.84,140.76
82.11,93.84,93.84,727.26,35.19,46.92,35.19,46.92
23.48,23.48,152.62,58.7,481.34,105.66,58.7,35.22
234.8,117.4,93.92,129.14,46.96,11.74,70.44,93.92
317.52,176.4,282.24,164.64,446.88,352.8,1011.36,129.36
153.14,23.56,282.72,365.18,82.46,117.8,942.4,730.36
106.02,82.46,212.04,35.34,294.5,58.9,11.78,212.04
164.92,259.16,164.92,341.62,117.8,82.46,117.8,918.84
117.8,70.68,117.8,212.04,35.34,223.82,200.26,82.46
129.58,47.12,212.04,329.84,129.58,671.46,341.62,47.12
47.12,23.56,318.06,153.14,47.12,23.56,23.56,70.68
224.01,176.85,436.23,389.07,424.44,129.69,117.9,495.18
141.48,129.69,141.48,70.74,153.27,294.75,82.53,58.95
129.69,212.22,188.64,294.75,94.32,200.43,129.69,141.48
58.95,11.79,165.06,224.01,94.32,23.58,106.11,341.91
212.4,94.4,153.4,106.2,177,224.2,129.8,82.6
318.6,212.4,82.6,118,153.4,94.4,2690.4,259.6
70.8,94.4,129.8,141.6,70.8,212.4,247.8,118
377.6,342.2,35.4,660.8,837.8,330.4,1097.4,200.6
318.87,188.96,271.63,259.82,94.48,82.67,248.01,248.01
11.81,11.81,59.05,11.81,23.62,59.05,377.92,59.05
118.2,59.1,141.84,94.56,141.84,94.56,248.22,141.84
70.92,47.28,47.28,11.82,130.02,35.46,35.46,82.74
473.2,319.41,236.6,212.94,354.9,141.96,153.79,307.58
390.72,532.8,224.96,224.96,296,236.8,272.32,71.04
71.04,47.36,153.92,284.16,11.84,82.88,165.76,367.04
11.84,82.88,130.24,47.36,94.72,82.88,94.72,94.72
35.52,94.72,47.36,23.68,23.68,118.4,130.24,82.88
142.2,82.95,106.65,35.55,118.5,23.7,189.6,11.85
308.36,391.38,913.22,237.2,106.74,59.3,237.2,47.44
83.09,35.61,130.57,71.22,178.05,59.35,189.92,83.09
855.36,938.52,700.92,665.28,867.24,403.92,368.28,356.4
130.68,190.08,118.8,237.6,273.24,130.68,178.2,23.76
83.16,130.68,23.76,11.88,47.52,35.64,35.64,166.32
225.91,202.13,487.49,297.25,190.24,273.47,237.8,249.69
107.01,142.68,178.35,202.13,71.34,249.69,118.9,309.14
214.02,107.01,130.79,261.58,35.67,95.12,47.56,71.34
476.4,559.77,59.55,238.2,95.28,83.37,11.91,178.65
571.68,655.05,535.95,71.46,321.57,190.56,166.74,238.2
131.01,47.64,190.56,131.01,47.64,23.82,71.46,11.91
119.2,166.88,202.64,119.2,154.96,262.24,226.48,131.12
214.56,83.44,131.12,71.52,83.44,83.44,143.04,59.6
143.04,131.12,512.56,441.04,1311.2,655.6,286.08,369.52
238.4,154.96,298,262.24,309.92,286.08,250.32,250.32
381.44,1215.84,119.2,35.76,214.56,286.08,11.92,107.28
202.81,226.67,143.16,334.04,71.58,35.79,381.76,632.29
739.66,393.69,47.72,107.37,131.23,155.09,870.89,369.83
334.04,202.81,310.18,465.27,214.74,453.34,572.64,441.41
179.1,47.76,83.58,83.58,167.16,179.1,250.74,179.1
286.56,119.4,250.74,298.5,35.82,107.46,131.34,131.34
35.82,131.34,334.32,549.24,119.4,23.88,477.6,2053.68
788.04,489.54,202.98,23.88,23.88,274.62,59.7,155.22
47.8,59.75,155.35,250.95,59.75,406.3,179.25,143.4
203.32,466.44,155.48,239.2,490.36,167.44,418.6,586.04
322.92,251.16,215.28,251.16,179.4,71.76,227.24,239.2
167.44,526.24,2033.2,394.68,1016.6,155.48,849.16,490.36
275.08,310.96,466.44,538.2,155.48,275.08,287.04,191.36
83.72,59.8,215.28,107.64,71.76,47.84,35.88,107.64
143.52,275.08,143.52,179.4,47.84,155.48,299,251.16
95.76,227.43,299.25,119.7,95.76,155.61,299.25,167.58
287.28,299.25,323.19,442.89,203.49,251.37,287.28,442.89
59.85,35.91,35.91,323.19,35.91,35.91,227.43,23.94
35.94,59.9,287.52,395.34,83.86,395.34,419.3,59.9
71.88,119.8,227.62,179.7,95.84,179.7,455.24,167.72
215.64,227.62,311.48,431.28,215.64,155.74,587.02,263.56
215.64,119.8,359.4,191.68,323.46,263.56,383.36,215.64
107.91,131.89,119.9,155.87,23.98,11.99,263.78,179.85
143.88,59.95,131.89,203.83,227.81,227.81,155.87,107.91
35.97,143.88,179.85,131.89,107.91,179.85,59.95,323.73
228,144,264,372,300,396,360,60
360.3,456.38,408.34,264.22,456.38,372.31,168.14,372.31
216.36,12.02,24.04,36.06,168.28,661.1,288.48,24.04
60.1,24.04,60.1,60.1,60.1,540.9,144.24,84.14
204.51,48.12,84.21,24.06,156.39,336.84,264.66,24.06
60.25,84.35,385.6,349.45,24.1,60.25,650.7,72.3
12.05,12.05,192.8,1132.7,24.1,48.2,216.9,60.25
494.05,759.15,807.35,253.05,96.4,12.05,180.75,144.6
192.8,289.2,168.7,349.45,132.55,144.6,48.2,216.9
253.05,144.6,373.55,108.45,144.6,192.8,313.3,301.25
60.3,72.36,578.88,313.56,24.12,24.12,108.54,108.54
759.78,422.1,132.66,96.48,132.66,132.66,120.6,277.38
747.72,1242.18,265.32,120.6,60.3,12.06,84.42,566.82
277.38,277.38,458.28,458.28,410.04,385.92,795.96,458.28
132.77,205.19,144.84,253.47,144.84,205.19,168.98,84.49
120.7,132.77,337.96,156.91,277.61,579.36,519.01,156.91
96.56,60.35,96.56,156.91,205.19,229.33,325.89,108.63
144.96,120.8,302,386.56,157.04,132.88,664.4,96.64
108.72,36.24,193.28,96.64,72.48,229.52,193.28,60.4
265.76,265.76,374.48,229.52,157.04,217.44,229.52,374.48
217.44,132.88,132.88,434.88,108.72,253.68,326.16,84.56
326.43,386.88,459.42,326.43,882.57,507.78,350.61,278.07
36.27,48.36,302.25,157.17,157.17,217.62,265.98,108.81
568.23,447.33,1511.25,701.22,1668.42,1716.78,411.06,749.58
133.1,133.1,48.4,12.1,133.1,254.1,12.1,60.5
387.84,169.68,387.84,496.92,206.04,327.24,957.48,278.76
157.56,581.76,193.92,133.32,193.92,254.52,193.92,230.28
400.29,84.91,218.34,157.69,169.82,278.99,278.99,303.25
473.07,509.46,266.86,1079.57,303.25,291.12,582.24,2147.01
48.52,48.52,327.51,72.78,48.52,97.04,133.43,800.58
267.08,303.5,874.08,364.2,631.28,376.34,522.02,631.28
291.36,218.52,303.5,1578.2,48.56,72.84,72.84,230.66
145.8,97.2,24.3,36.45,449.55,486,48.6,12.15
133.65,97.2,303.75,643.95,145.8,230.85,376.65,255.15
24.3,24.3,97.2,48.6,182.25,48.6,24.3,145.8
12.16,24.32,72.96,133.76,231.04,85.12,231.04,158.08
218.88,231.04,352.64,437.76,182.4,498.56,255.36,158.08
474.24,182.4,267.52,486.4,255.36,194.56,851.2,231.04
170.38,60.85,316.42,304.25,60.85,121.7,243.4,121.7
182.55,121.7,146.04,219.06,279.91,146.04,340.76,340.76
182.7,207.06,243.6,207.06,207.06,255.78,243.6,243.6
146.28,73.14,207.23,195.04,134.09,633.88,487.6,134.09
182.85,85.33,365.7,195.04,170.66,280.37,243.8,219.42
109.71,36.57,1938.21,451.03,914.25,207.23,85.33,48.76
219.42,121.9,243.8,243.8,182.85,353.51,219.42,487.6
48.76,24.38,48.76,73.14,121.9,158.47,195.04,73.14
366,463.6,475.8,597.8,219.6,158.6,244,366
2293.6,1122.4,61,146.4,85.4,24.4,158.6,231.8
170.8,268.4,329.4,549,280.6,512.4,317.2,207.4
122.1,122.1,195.36,244.2,231.99,305.25,549.45,109.89
219.78,195.36,354.09,146.52,134.31,427.35,293.04,109.89
256.41,109.89,122.1,183.15,390.72,476.19,280.83,219.78
24.46,97.84,146.76,122.3,97.84,599.27,269.06,134.53
403.92,85.68,391.68,403.92,195.84,550.8,318.24,171.36
502.25,355.25,24.5,73.5,171.5,330.75,147,281.75
367.5,281.75,73.5,220.5,269.5,245,3662.75,1482.25
135.08,36.84,257.88,184.2,159.64,196.48,245.6,73.68
356.7,147.6,393.6,590.4,467.4,455.1,1045.5,49.2
135.41,86.17,73.86,61.55,12.31,24.62,61.55,12.31
86.24,135.52,172.48,308,283.36,147.84,258.72,209.44
505.12,308,320.32,295.68,394.24,332.64,505.12,308
357.28,221.76,332.64,911.68,529.76,110.88,271.04,110.88
24.64,36.96,776.16,271.04,197.12,110.88,135.52,12.32
258.93,357.57,308.25,616.5,147.96,567.18,419.22,443.88
358.15,382.85,345.8,407.55,209.95,296.4,160.55,592.8
827.45,432.25,1247.35,778.05,1037.4,753.35,926.25,716.3
345.8,247,296.4,259.35,370.5,543.4,432.25,321.1
679.25,370.5,753.35,605.15,518.7,679.25,592.8,555.75
296.4,86.45,444.6,407.55,111.15,321.1,543.4,629.85
12.36,37.08,135.96,98.88,24.72,61.8,24.72,284.28
197.76,197.76,247.2,321.36,494.4,679.8,692.16,222.48
74.22,74.22,272.14,210.29,296.88,49.48,346.36,61.85
383.78,383.78,346.64,173.32,433.3,371.4,433.3,420.92
123.8,185.7,284.74,148.56,383.78,680.9,383.78,198.08
123.9,173.46,272.58,359.31,185.85,297.36,223.02,359.31
458.43,792.96,433.65,631.89,173.46,24.78,173.46,322.14
880.4,818.4,694.4,384.4,384.4,930,297.6,310
347.2,260.4,471.2,731.6,533.2,892.8,1066.4,508.4
74.46,136.51,285.43,210.97,99.28,111.69,868.7,186.15
770.04,745.2,571.32,385.02,111.78,111.78,24.84,298.08
856.98,2123.82,943.92,434.7,1328.94,1179.9,1515.24,2496.42
298.32,236.17,385.33,248.6,310.75,422.62,236.17,236.17
310.75,372.9,298.32,522.06,372.9,484.77,323.18,161.59
783.09,335.61,261.03,360.47,236.17,298.32,161.59,509.63
24.88,49.76,136.84,1094.72,24.88,24.88,111.96,49.76
298.56,236.36,920.56,796.16,522.48,995.2,460.28,472.72
49.76,12.44,223.92,12.44,87.08,37.32,62.2,87.08
423.3,186.75,336.15,261.45,149.4,236.55,385.95,535.35
112.05,12.45,74.7,112.05,112.05,435.75,273.9,12.45
174.3,149.4,510.45,572.7,161.85,249,473.1,249
299.28,137.17,236.93,536.21,436.45,586.09,885.37,461.39
211.99,74.82,486.33,411.51,124.7,299.28,897.84,87.29
299.76,262.29,599.52,537.07,249.8,786.87,886.79,387.19
212.5,275,437.5,437.5,275,650,450,400
187.65,87.57,325.26,562.95,1601.28,750.6,713.07,312.75
412.83,612.99,350.28,350.28,312.75,612.99,562.95,250.2
450.72,726.16,463.24,513.32,525.84,475.76,738.68,1151.84
313,400.64,125.2,187.8,338.04,525.84,638.52,275.44
200.48,100.24,350.84,250.6,112.77,451.08,801.92,250.6
426.02,288.19,288.19,50.12,100.24,162.89,1215.41,112.77
426.7,602.4,376.5,765.55,338.85,125.5,338.85,790.65
326.56,339.12,288.88,251.2,552.64,326.56,590.32,339.12
288.88,213.52,251.2,351.68,226.08,427.04,678.24,339.12
1456.96,1193.2,75.36,50.24,288.88,50.24,100.48,238.64
590.32,213.52,690.8,263.76,376.8,577.76,427.04,276.32
1055.04,565.2,992.24,1193.2,376.8,590.32,464.72,904.32
263.97,213.69,452.52,427.38,251.4,729.06,515.37,238.83
238.83,402.24,402.24,666.21,540.51,138.27,339.39,113.13
981.24,1006.4,704.48,213.86,1358.64,528.36,553.52,1195.1
138.38,88.06,113.22,603.84,88.06,138.38,503.2,138.38
327.34,352.52,503.6,516.19,415.47,730.22,730.22,679.86
554.4,340.2,667.8,466.2,352.8,340.2,264.6,403.2
302.4,189,214.2,264.6,226.8,378,88.2,63
327.6,302.4,415.8,138.6,504,894.6,239.4,995.4
138.71,189.15,226.98,252.2,365.69,668.33,214.37,113.49
214.54,164.06,277.64,277.64,227.16,340.74,340.74,353.36
252.4,164.06,176.68,328.12,315.5,542.66,479.56,290.26
252.6,113.67,138.93,202.08,101.04,277.86,202.08,138.93
429.42,416.79,568.35,644.13,416.79,353.64,429.42,366.27
316.25,316.25,556.6,518.65,430.1,872.85,1416.8,569.25
215.22,367.14,63.3,278.52,63.3,139.26,443.1,367.14
253.4,164.71,291.41,215.39,139.37,190.05,215.39,38.01
672.04,608.64,494.52,329.68,291.64,443.8,494.52,912.96
190.35,291.87,177.66,88.83,63.45,139.59,114.21,38.07
114.3,152.4,762,381,63.5,12.7,228.6,177.8
254.2,152.52,305.04,305.04,559.24,622.79,559.24,266.91
915.12,991.38,775.31,1105.77,711.76,1042.22,1359.97,711.76
686.88,636,292.56,457.92,356.16,228.96,992.16,343.44
357,650.25,535.5,548.25,433.5,369.75,828.75,344.25
3952.11,7354.25,1125.52,537.18,3274.24,1752.23,1458.06,844.14
588.8,512,870.4,384,486.4,640,486.4,665.6
345.6,268.8,140.8,268.8,307.2,716.8,780.8,665.6
384.3,307.44,435.54,678.93,166.53,128.1,358.68,448.35
423.06,512.8,474.34,641,384.6,358.96,538.44,743.56
731.88,706.2,885.96,847.44,372.36,346.68,1091.4,359.52
321.25,925.2,385.5,424.05,385.5,976.6,1207.9,334.1
990.99,411.84,592.02,694.98,617.76,669.24,592.02,411.84
450.45,231.66,398.97,308.88,270.27,630.63,669.24,386.1
373.52,450.8,708.4,412.16,824.32,553.84,1043.28,592.48
257.8,167.57,309.36,670.28,438.26,1005.42,696.06,219.13
193.5,64.5,219.3,77.4,116.1,193.5,141.9,38.7
567.6,245.1,477.3,670.8,258,309.6,322.5,387
1201.56,478.04,994.84,1860.48,1434.12,1873.4,1537.48,865.64
892.17,879.24,918.03,478.41,1086.12,659.43,1073.19,672.36
362.32,349.38,362.32,918.74,207.04,491.72,1216.36,219.98
918.74,685.82,944.62,530.54,362.32,672.88,478.78,634.06
155.88,428.67,532.59,2117.37,77.94,103.92,272.79,493.62
924.42,1093.68,1080.66,846.3,677.04,637.98,898.38,1341.06
533.82,468.72,546.84,494.76,546.84,416.64,1197.84,299.46
781.8,912.1,742.71,638.47,925.13,690.59,586.35,742.71
456.05,338.78,638.47,651.5,729.68,456.05,599.38,547.26
339.56,378.74,248.14,339.56,65.3,13.06,78.36,235.08
614.29,509.73,679.64,1150.16,588.15,287.54,941.04,666.57
418.56,810.96,483.96,889.44,928.68,418.56,902.52,562.44
392.7,405.79,798.49,877.03,706.86,981.75,1230.46,628.32
510.51,196.35,1610.07,392.7,340.34,379.61,981.75,1714.79
550.2,484.7,930.1,930.1,746.7,1152.8,1061.1,838.4
524,406.1,641.9,550.2,759.8,812.2,1021.8,602.6
773.49,694.83,930.81,1258.56,629.28,1035.69,1009.47,1088.13
735.28,564.59,367.64,393.9,1076.66,1693.77,1129.18,656.5
499.32,381.06,604.44,959.22,959.22,1222.02,1629.36,262.8
973.84,908.04,881.72,750.12,1052.8,789.6,1131.76,684.32
1289.68,908.04,1473.92,1197.56,1487.08,1618.68,2539.88,710.64
1488.21,513.63,1224.81,487.29,605.82,342.42,2475.96,711.18
145.31,105.68,26.42,145.31,237.78,290.62,396.3,132.1
726.55,871.86,819.02,501.98,515.19,1109.64,1704.09,832.23
634.56,475.92,1454.2,1269.12,647.78,846.08,1136.92,819.64
622.28,781.16,1085.68,1244.56,926.8,1337.24,1165.12,1244.56
66.35,53.08,66.35,66.35,26.54,199.05,252.13,119.43
544.07,291.94,981.98,1008.52,703.31,1021.79,889.09,1101.41
332,305.44,371.84,756.96,730.4,783.52,557.76,664
704.37,385.41,943.59,1448.61,332.25,239.22,1182.81,730.95
758.1,585.2,1369.9,665,1024.1,984.2,984.2,1077.3
731.5,678.3,478.8,1090.6,212.8,718.2,1369.9,478.8
520.65,307.05,373.8,774.3,507.3,907.8,934.5,453.9
803.4,535.6,334.75,388.31,615.94,723.06,883.74,562.38
429.76,523.77,1275.85,2162.23,228.31,282.03,1423.58,510.34
1332.54,1359.46,1009.5,1413.3,740.3,1103.72,1440.22,1547.9
1360.47,1414.35,2384.19,1535.58,1643.34,1293.12,1387.41,1050.66
242.46,404.1,646.56,889.02,619.62,1198.83,727.38,633.09
1675.24,1499.61,1215.9,445.83,1472.59,1351,729.54,1702.26
608.4,648.96,932.88,1189.76,743.6,1000.48,2501.2,851.76
757.68,1380.06,771.21,527.67,757.68,1028.28,1813.02,852.39
1436.3,1097.55,623.3,420.05,1138.2,1598.9,1368.55,501.35
1357,1126.31,1872.66,990.61,1831.95,1343.43,1153.45,922.76
882.7,1113.56,1385.16,1466.64,1195.04,1181.46,1914.78,1181.46
964.89,842.58,1195.92,597.96,733.86,1685.16,1331.82,530.01
665.91,611.55,597.96,978.48,652.32,1277.46,1141.56,611.55
804.17,545.2,1213.07,1240.33,858.69,858.69,1226.7,790.54
2905.32,2605.24,409.2,54.56,2700.72,4405.72,450.12,450.12
2033.85,1556.1,1419.6,1501.5,1365,1992.9,1583.4,2115.75
82.02,13.67,150.37,164.04,27.34,68.35,123.03,300.74
1137.93,1233.9,1658.91,1343.58,987.12,1124.22,1823.43,1206.48
1264.08,893.1,2239.62,2308.32,1937.34,2610.6,2802.96,1538.88
2322.06,2267.1,687,316.02,2981.58,2431.98,769.44,728.22
1307.2,1155.84,1155.84,1568.64,1224.64,2036.48,2380.48,1444.8
1116.99,786.03,1585.85,1475.53,1282.47,1847.86,3337.18,717.08
1435.2,1366.2,1918.2,1932,1932,1600.8,1007.4,2070
913.44,484.4,1937.6,1176.4,1162.56,2297.44,1826.88,775.04
887.04,1150.38,1483.02,1413.72,706.86,1566.18,2134.44,1191.96
1054.12,346.75,1706.01,1206.69,1026.38,3093.01,1539.57,596.41
1930.71,1902.93,2416.86,2764.11,1389,1764.03,2583.54,1972.38
1209.3,889.6,2098.9,1320.5,1320.5,2196.2,3071.9,1334.4
976.5,697.5,1074.15,1171.8,502.2,502.2,1422.9,711.45
1019.08,656.12,865.52,1005.12,963.24,1521.64,1270.36,1200.56
7828.8,6990,6976.02,6151.2,7535.22,7059.9,10121.52,7716.96
3564.9,4571.46,643.08,69.9,4068.18,4739.22,726.96,671.04
2539.43,1557.33,4391.39,2258.83,2328.98,1865.99,5205.13,2469.28
1053.75,857.05,1798.4,1531.45,1489.3,2613.3,2346.35,1517.4
1448.18,2263.66,885.78,1152.92,478.04,2333.96,2868.24,2066.82
1943.04,2266.88,1675.52,1351.68,2168.32,2787.84,2069.76,1365.76
436.48,168.96,112.64,535.04,1070.08,1450.24,1675.52,168.96
901.76,1113.11,1563.99,1817.61,1733.07,2028.96,2155.77,1831.7
1424.1,1071.6,1790.7,1254.9,1254.9,1635.6,2199.6,1410
2711.04,1849.72,1990.92,3134.64,2795.76,4772.56,5224.4,1877.96
1969.63,1218.62,3131.57,2012.14,2182.18,2734.81,2493.92,1487.85
2854,2968.16,3253.56,2953.89,2739.84,2739.84,2668.49,2540.06
843.7,557.7,2345.2,4618.9,829.4,1458.6,4247.1,1558.7
2431,2445.3,1615.9,1573,2259.4,3117.4,3174.6,2044.9
1607.2,875.35,2181.2,2453.85,1506.75,2956.1,2310.35,1449.35
2396.45,1822.45,4132.8,4936.4,3731,1908.55,3257.45,3357.9
416.15,200.9,2252.95,5295.15,530.95,1879.85,7964.25,774.9
503.65,172.68,345.36,1122.42,964.13,1582.9,5727.22,474.87
4219.2,3484.8,1972.8,2030.4,4435.2,2563.2,2217.6,3801.6
3236.8,3366.85,3670.3,2629.9,3135.65,2470.95,2384.25,3699.2
2914.5,4002,4712.5,3291.5,4480.5,3306,3465.5,3074
5780.32,5096,4338.88,2999.36,7949.76,6129.76,4906.72,4484.48
2841.15,2695.45,4196.16,3074.27,2899.43,4997.51,3729.92,2695.45
1582.2,835.05,2168.2,3047.2,1010.85,2812.8,4849.15,1875.2
4962.72,4682.09,4194.68,5671.68,4238.99,8330.28,7754.25,3633.42
2039.64,1670.14,2734.3,3192.48,1611.02,2246.56,4507.9,2157.88
4229.94,4363.05,4969.44,6344.91,4925.07,4377.84,4451.79,6906.93
3459.12,3190.74,3474.03,6828.78,2788.17,4592.28,6172.74,5576.34
3707.6,3139.5,4903.6,6862.05,4036.5,6338.8,6428.5,4619.55
4550.88,4281.42,7140.69,7305.36,6571.83,6976.02,4685.61,4356.27
3387.74,2548.3,4302.13,6655.56,4422.05,4182.21,5141.57,4766.82
6831.24,7434.44,8278.92,7027.28,6695.52,6182.8,6529.64,5293.08
7408.34,5656.16,14370.95,9314.22,9775.32,12050.08,10543.82,8099.99
9375.36,8080.08,9730.02,9066.96,8881.92,6831.06,9452.46,7231.98
1851.6,1095.53,5940.55,11356.48,3687.77,8733.38,18284.55,2113.91
12368.52,10154.88,10758.6,9102.24,9086.76,13792.68,9984.6,11176.56
9000.32,9643.2,14896,16181.76,12387.2,15915.2,12042.24,16808.96
3694.86,1721.11,978.98,4768.58,4484.36,6268.63,13232.02,2368.5
16854,16186.2,12433.8,10907.4,15248.1,12799.5,10875.6,18905.1
18574.64,20079.38,21859.18,20030.84,18979.14,23007.96,22749.08,17086.08
18845.16,17339.49,20156.55,19962.27,25029.74,22018.4,18051.85,19249.91
22661.58,22272.54,18203.83,17182.6,16988.08,19079.17,16907.03,23990.8
24917.4,24279.75,24802.95,26061.9,19342.05,23069.85,28677.9,21794.55
52253.76,56866.88,51931.52,50574.72,49421.44,39296.32,32427.52,61954.88
118.4,94.72,106.56,47.36,142.08,189.44,23.68,23.68
